-- phpMyAdmin SQL Dump
-- version 5.0.2
-- https://www.phpmyadmin.net/
--
-- Host: 127.0.0.1
-- Generation Time: Sep 04, 2020 at 03:48 AM
-- Server version: 10.4.13-MariaDB
-- PHP Version: 7.2.32

SET SQL_MODE = "NO_AUTO_VALUE_ON_ZERO";
START TRANSACTION;
SET time_zone = "+00:00";


/*!40101 SET @OLD_CHARACTER_SET_CLIENT=@@CHARACTER_SET_CLIENT */;
/*!40101 SET @OLD_CHARACTER_SET_RESULTS=@@CHARACTER_SET_RESULTS */;
/*!40101 SET @OLD_COLLATION_CONNECTION=@@COLLATION_CONNECTION */;
/*!40101 SET NAMES utf8mb4 */;

--
-- Database: `gizi`
--

-- --------------------------------------------------------

--
-- Table structure for table `akg`
--

CREATE TABLE `akg` (
  `id` int(11) NOT NULL,
  `id_kelompok` int(11) NOT NULL,
  `kelompok` varchar(20) NOT NULL,
  `umur` int(11) NOT NULL,
  `bb` int(11) NOT NULL,
  `tb` int(11) NOT NULL,
  `energi` int(11) NOT NULL,
  `protein` int(11) NOT NULL,
  `lemak` int(11) NOT NULL,
  `karbohidrat` int(11) NOT NULL,
  `serat` int(11) NOT NULL,
  `air` int(11) NOT NULL
) ENGINE=InnoDB DEFAULT CHARSET=utf8mb4;

--
-- Dumping data for table `akg`
--

INSERT INTO `akg` (`id`, `id_kelompok`, `kelompok`, `umur`, `bb`, `tb`, `energi`, `protein`, `lemak`, `karbohidrat`, `serat`, `air`) VALUES
(1, 1, 'Bayi', 0, 6, 61, 550, 12, 34, 58, 0, 0),
(2, 1, 'Bayi', 1, 6, 61, 550, 12, 34, 58, 0, 0),
(3, 1, 'Bayi', 2, 6, 61, 550, 12, 34, 58, 0, 0),
(4, 1, 'Bayi', 3, 6, 61, 550, 12, 34, 58, 0, 0),
(5, 1, 'Bayi', 4, 6, 61, 550, 12, 34, 58, 0, 0),
(6, 1, 'Bayi', 5, 6, 61, 550, 12, 34, 58, 0, 0),
(7, 1, 'Bayi', 6, 6, 61, 550, 12, 34, 58, 0, 0),
(8, 1, 'Bayi', 7, 9, 71, 725, 18, 36, 82, 10, 800),
(9, 1, 'Bayi', 8, 9, 71, 725, 18, 36, 82, 10, 800),
(10, 1, 'Bayi', 9, 9, 71, 725, 18, 36, 82, 10, 800),
(11, 1, 'Bayi', 10, 9, 71, 725, 18, 36, 82, 10, 800),
(12, 1, 'Bayi', 11, 9, 71, 725, 18, 36, 82, 10, 800),
(13, 2, 'anak', 1, 13, 91, 1125, 26, 44, 155, 16, 1200),
(14, 2, 'anak', 2, 13, 91, 1125, 26, 44, 155, 16, 1200),
(15, 2, 'anak', 3, 13, 91, 1125, 26, 44, 155, 16, 1200),
(16, 2, 'anak', 4, 19, 112, 1600, 35, 62, 220, 22, 1500),
(17, 2, 'anak', 5, 19, 112, 1600, 35, 62, 220, 22, 1500),
(18, 2, 'anak', 6, 19, 112, 1600, 35, 62, 220, 22, 1500),
(19, 2, 'anak', 7, 27, 130, 1850, 49, 72, 254, 26, 1900),
(20, 2, 'anak', 8, 27, 130, 1850, 49, 72, 254, 26, 1900),
(21, 2, 'anak', 9, 27, 130, 1850, 49, 72, 254, 26, 1900),
(22, 3, 'laki-laki', 10, 34, 142, 2100, 56, 70, 289, 30, 1800),
(23, 3, 'laki-laki', 11, 34, 142, 2100, 56, 70, 289, 30, 1800),
(24, 3, 'laki-laki', 12, 34, 142, 2100, 56, 70, 289, 30, 1800),
(25, 3, 'laki-laki', 13, 46, 158, 2475, 72, 83, 340, 35, 2000),
(26, 3, 'laki-laki', 14, 46, 158, 2475, 72, 83, 340, 35, 2000),
(27, 3, 'laki-laki', 15, 46, 158, 2475, 72, 83, 340, 35, 2000),
(28, 3, 'laki-laki', 16, 56, 165, 2675, 66, 89, 368, 37, 2200),
(29, 3, 'laki-laki', 17, 56, 165, 2675, 66, 89, 368, 37, 2200),
(30, 3, 'laki-laki', 18, 56, 165, 2675, 66, 89, 368, 37, 2200),
(31, 3, 'laki-laki', 19, 60, 168, 2725, 62, 91, 375, 38, 2500),
(32, 3, 'laki-laki', 20, 60, 168, 2725, 62, 91, 375, 38, 2500),
(33, 3, 'laki-laki', 21, 60, 168, 2725, 62, 91, 375, 38, 2500),
(34, 3, 'laki-laki', 22, 60, 168, 2725, 62, 91, 375, 38, 2500),
(35, 3, 'laki-laki', 23, 60, 168, 2725, 62, 91, 375, 38, 2500),
(36, 3, 'laki-laki', 24, 60, 168, 2725, 62, 91, 375, 38, 2500),
(37, 3, 'laki-laki', 25, 60, 168, 2725, 62, 91, 375, 38, 2500),
(38, 3, 'laki-laki', 26, 60, 168, 2725, 62, 91, 375, 38, 2500),
(39, 3, 'laki-laki', 27, 60, 168, 2725, 62, 91, 375, 38, 2500),
(40, 3, 'laki-laki', 28, 60, 168, 2725, 62, 91, 375, 38, 2500),
(41, 3, 'laki-laki', 29, 60, 168, 2725, 62, 91, 375, 38, 2500),
(42, 3, 'laki-laki', 30, 62, 168, 2625, 65, 73, 394, 38, 2600),
(43, 3, 'laki-laki', 31, 62, 168, 2625, 65, 73, 394, 38, 2600),
(44, 3, 'laki-laki', 32, 62, 168, 2625, 65, 73, 394, 38, 2600),
(45, 3, 'laki-laki', 33, 62, 168, 2625, 65, 73, 394, 38, 2600),
(46, 3, 'laki-laki', 34, 62, 168, 2625, 65, 73, 394, 38, 2600),
(47, 3, 'laki-laki', 35, 62, 168, 2625, 65, 73, 394, 38, 2600),
(48, 3, 'laki-laki', 36, 62, 168, 2625, 65, 73, 394, 38, 2600),
(49, 3, 'laki-laki', 37, 62, 168, 2625, 65, 73, 394, 38, 2600),
(50, 3, 'laki-laki', 38, 62, 168, 2625, 65, 73, 394, 38, 2600),
(51, 3, 'laki-laki', 39, 62, 168, 2625, 65, 73, 394, 38, 2600),
(52, 3, 'laki-laki', 40, 62, 168, 2625, 65, 73, 394, 38, 2600),
(53, 3, 'laki-laki', 41, 62, 168, 2625, 65, 73, 394, 38, 2600),
(54, 3, 'laki-laki', 42, 62, 168, 2625, 65, 73, 394, 38, 2600),
(55, 3, 'laki-laki', 43, 62, 168, 2625, 65, 73, 394, 38, 2600),
(56, 3, 'laki-laki', 44, 62, 168, 2625, 65, 73, 394, 38, 2600),
(57, 3, 'laki-laki', 45, 62, 168, 2625, 65, 73, 394, 38, 2600),
(58, 3, 'laki-laki', 46, 62, 168, 2625, 65, 73, 394, 38, 2600),
(59, 3, 'laki-laki', 47, 62, 168, 2625, 65, 73, 394, 38, 2600),
(60, 3, 'laki-laki', 48, 62, 168, 2625, 65, 73, 394, 38, 2600),
(61, 3, 'laki-laki', 49, 62, 168, 2625, 65, 73, 394, 38, 2600),
(62, 3, 'laki-laki', 50, 62, 168, 2325, 65, 65, 349, 33, 2600),
(63, 3, 'laki-laki', 51, 62, 168, 2325, 65, 65, 349, 33, 2600),
(64, 3, 'laki-laki', 52, 62, 168, 2325, 65, 65, 349, 33, 2600),
(65, 3, 'laki-laki', 53, 62, 168, 2325, 65, 65, 349, 33, 2600),
(66, 3, 'laki-laki', 54, 62, 168, 2325, 65, 65, 349, 33, 2600),
(67, 3, 'laki-laki', 55, 62, 168, 2325, 65, 65, 349, 33, 2600),
(68, 3, 'laki-laki', 56, 62, 168, 2325, 65, 65, 349, 33, 2600),
(69, 3, 'laki-laki', 57, 62, 168, 2325, 65, 65, 349, 33, 2600),
(70, 3, 'laki-laki', 58, 62, 168, 2325, 65, 65, 349, 33, 2600),
(71, 3, 'laki-laki', 59, 62, 168, 2325, 65, 65, 349, 33, 2600),
(72, 3, 'laki-laki', 60, 62, 168, 2325, 65, 65, 349, 33, 2600),
(73, 3, 'laki-laki', 61, 62, 168, 2325, 65, 65, 349, 33, 2600),
(74, 3, 'laki-laki', 62, 62, 168, 2325, 65, 65, 349, 33, 2600),
(75, 3, 'laki-laki', 63, 62, 168, 2325, 65, 65, 349, 33, 2600),
(76, 3, 'laki-laki', 64, 62, 168, 2325, 65, 65, 349, 33, 2600),
(77, 3, 'laki-laki', 65, 60, 168, 1900, 62, 53, 309, 27, 1900),
(78, 3, 'laki-laki', 66, 60, 168, 1900, 62, 53, 309, 27, 1900),
(79, 3, 'laki-laki', 67, 60, 168, 1900, 62, 53, 309, 27, 1900),
(80, 3, 'laki-laki', 68, 60, 168, 1900, 62, 53, 309, 27, 1900),
(81, 3, 'laki-laki', 69, 60, 168, 1900, 62, 53, 309, 27, 1900),
(82, 3, 'laki-laki', 70, 60, 168, 1900, 62, 53, 309, 27, 1900),
(83, 3, 'laki-laki', 71, 60, 168, 1900, 62, 53, 309, 27, 1900),
(84, 3, 'laki-laki', 72, 60, 168, 1900, 62, 53, 309, 27, 1900),
(85, 3, 'laki-laki', 73, 60, 168, 1900, 62, 53, 309, 27, 1900),
(86, 3, 'laki-laki', 74, 60, 168, 1900, 62, 53, 309, 27, 1900),
(87, 3, 'laki-laki', 75, 60, 168, 1900, 62, 53, 309, 27, 1900),
(88, 3, 'laki-laki', 76, 60, 168, 1900, 62, 53, 309, 27, 1900),
(89, 3, 'laki-laki', 77, 60, 168, 1900, 62, 53, 309, 27, 1900),
(90, 3, 'laki-laki', 78, 60, 168, 1900, 62, 53, 309, 27, 1900),
(91, 3, 'laki-laki', 79, 60, 168, 1900, 62, 53, 309, 27, 1900),
(92, 3, 'laki-laki', 80, 60, 168, 1900, 62, 53, 309, 27, 1900),
(93, 3, 'laki-laki', 81, 58, 168, 1525, 60, 42, 248, 22, 1600),
(94, 3, 'laki-laki', 82, 58, 168, 1525, 60, 42, 248, 22, 1600),
(95, 3, 'laki-laki', 83, 58, 168, 1525, 60, 42, 248, 22, 1600),
(96, 3, 'laki-laki', 84, 58, 168, 1525, 60, 42, 248, 22, 1600),
(97, 3, 'laki-laki', 85, 58, 168, 1525, 60, 42, 248, 22, 1600),
(98, 3, 'laki-laki', 86, 58, 168, 1525, 60, 42, 248, 22, 1600),
(99, 3, 'laki-laki', 87, 58, 168, 1525, 60, 42, 248, 22, 1600),
(100, 3, 'laki-laki', 88, 58, 168, 1525, 60, 42, 248, 22, 1600),
(101, 3, 'laki-laki', 89, 58, 168, 1525, 60, 42, 248, 22, 1600),
(102, 3, 'laki-laki', 90, 58, 168, 1525, 60, 42, 248, 22, 1600),
(103, 3, 'perempuan', 10, 36, 145, 2000, 60, 67, 275, 28, 1800),
(104, 3, 'perempuan', 11, 36, 145, 2000, 60, 67, 275, 28, 1800),
(105, 3, 'perempuan', 12, 36, 145, 2000, 60, 67, 275, 28, 1800),
(106, 3, 'perempuan', 13, 46, 155, 2125, 69, 71, 292, 30, 2000),
(107, 3, 'perempuan', 14, 46, 155, 2125, 69, 71, 292, 30, 2000),
(108, 3, 'perempuan', 15, 46, 155, 2125, 69, 71, 292, 30, 2000),
(109, 3, 'perempuan', 16, 50, 158, 2125, 59, 71, 292, 30, 2100),
(110, 3, 'perempuan', 17, 50, 158, 2125, 59, 71, 292, 30, 2100),
(111, 3, 'perempuan', 18, 50, 158, 2125, 59, 71, 292, 30, 2100),
(112, 3, 'perempuan', 19, 54, 159, 2250, 56, 75, 309, 32, 2300),
(113, 3, 'perempuan', 20, 54, 159, 2250, 56, 75, 309, 32, 2300),
(114, 3, 'perempuan', 21, 54, 159, 2250, 56, 75, 309, 32, 2300),
(115, 3, 'perempuan', 22, 54, 159, 2250, 56, 75, 309, 32, 2300),
(116, 3, 'perempuan', 23, 54, 159, 2250, 56, 75, 309, 32, 2300),
(117, 3, 'perempuan', 24, 54, 159, 2250, 56, 75, 309, 32, 2300),
(118, 3, 'perempuan', 25, 54, 159, 2250, 56, 75, 309, 32, 2300),
(119, 3, 'perempuan', 26, 54, 159, 2250, 56, 75, 309, 32, 2300),
(120, 3, 'perempuan', 27, 54, 159, 2250, 56, 75, 309, 32, 2300),
(121, 3, 'perempuan', 28, 54, 159, 2250, 56, 75, 309, 32, 2300),
(122, 3, 'perempuan', 29, 54, 159, 2250, 56, 75, 309, 32, 2300),
(123, 3, 'perempuan', 30, 55, 159, 2150, 57, 60, 323, 30, 2300),
(124, 3, 'perempuan', 31, 55, 159, 2150, 57, 60, 323, 30, 2300),
(125, 3, 'perempuan', 32, 55, 159, 2150, 57, 60, 323, 30, 2300),
(126, 3, 'perempuan', 33, 55, 159, 2150, 57, 60, 323, 30, 2300),
(127, 3, 'perempuan', 34, 55, 159, 2150, 57, 60, 323, 30, 2300),
(128, 3, 'perempuan', 35, 55, 159, 2150, 57, 60, 323, 30, 2300),
(129, 3, 'perempuan', 36, 55, 159, 2150, 57, 60, 323, 30, 2300),
(130, 3, 'perempuan', 37, 55, 159, 2150, 57, 60, 323, 30, 2300),
(131, 3, 'perempuan', 38, 55, 159, 2150, 57, 60, 323, 30, 2300),
(132, 3, 'perempuan', 39, 55, 159, 2150, 57, 60, 323, 30, 2300),
(133, 3, 'perempuan', 40, 55, 159, 2150, 57, 60, 323, 30, 2300),
(134, 3, 'perempuan', 41, 55, 159, 2150, 57, 60, 323, 30, 2300),
(135, 3, 'perempuan', 42, 55, 159, 2150, 57, 60, 323, 30, 2300),
(136, 3, 'perempuan', 43, 55, 159, 2150, 57, 60, 323, 30, 2300),
(137, 3, 'perempuan', 44, 55, 159, 2150, 57, 60, 323, 30, 2300),
(138, 3, 'perempuan', 45, 55, 159, 2150, 57, 60, 323, 30, 2300),
(139, 3, 'perempuan', 46, 55, 159, 2150, 57, 60, 323, 30, 2300),
(140, 3, 'perempuan', 47, 55, 159, 2150, 57, 60, 323, 30, 2300),
(141, 3, 'perempuan', 48, 55, 159, 2150, 57, 60, 323, 30, 2300),
(142, 3, 'perempuan', 49, 55, 159, 2150, 57, 60, 323, 30, 2300),
(143, 3, 'perempuan', 50, 55, 159, 1900, 57, 53, 285, 28, 2300),
(144, 3, 'perempuan', 51, 55, 159, 1900, 57, 53, 285, 28, 2300),
(145, 3, 'perempuan', 52, 55, 159, 1900, 57, 53, 285, 28, 2300),
(146, 3, 'perempuan', 53, 55, 159, 1900, 57, 53, 285, 28, 2300),
(147, 3, 'perempuan', 54, 55, 159, 1900, 57, 53, 285, 28, 2300),
(148, 3, 'perempuan', 55, 55, 159, 1900, 57, 53, 285, 28, 2300),
(149, 3, 'perempuan', 56, 55, 159, 1900, 57, 53, 285, 28, 2300),
(150, 3, 'perempuan', 57, 55, 159, 1900, 57, 53, 285, 28, 2300),
(151, 3, 'perempuan', 58, 55, 159, 1900, 57, 53, 285, 28, 2300),
(152, 3, 'perempuan', 59, 55, 159, 1900, 57, 53, 285, 28, 2300),
(153, 3, 'perempuan', 60, 55, 159, 1900, 57, 53, 285, 28, 2300),
(154, 3, 'perempuan', 61, 55, 159, 1900, 57, 53, 285, 28, 2300),
(155, 3, 'perempuan', 62, 55, 159, 1900, 57, 53, 285, 28, 2300),
(156, 3, 'perempuan', 63, 55, 159, 1900, 57, 53, 285, 28, 2300),
(157, 3, 'perempuan', 64, 55, 159, 1900, 57, 53, 285, 28, 2300),
(158, 3, 'perempuan', 65, 54, 159, 1550, 56, 43, 252, 22, 1600),
(159, 3, 'perempuan', 66, 54, 159, 1550, 56, 43, 252, 22, 1600),
(160, 3, 'perempuan', 67, 54, 159, 1550, 56, 43, 252, 22, 1600),
(161, 3, 'perempuan', 68, 54, 159, 1550, 56, 43, 252, 22, 1600),
(162, 3, 'perempuan', 69, 54, 159, 1550, 56, 43, 252, 22, 1600),
(163, 3, 'perempuan', 70, 54, 159, 1550, 56, 43, 252, 22, 1600),
(164, 3, 'perempuan', 71, 54, 159, 1550, 56, 43, 252, 22, 1600),
(165, 3, 'perempuan', 72, 54, 159, 1550, 56, 43, 252, 22, 1600),
(166, 3, 'perempuan', 73, 54, 159, 1550, 56, 43, 252, 22, 1600),
(167, 3, 'perempuan', 74, 54, 159, 1550, 56, 43, 252, 22, 1600),
(168, 3, 'perempuan', 75, 54, 159, 1550, 56, 43, 252, 22, 1600),
(169, 3, 'perempuan', 76, 54, 159, 1550, 56, 43, 252, 22, 1600),
(170, 3, 'perempuan', 77, 54, 159, 1550, 56, 43, 252, 22, 1600),
(171, 3, 'perempuan', 78, 54, 159, 1550, 56, 43, 252, 22, 1600),
(172, 3, 'perempuan', 79, 54, 159, 1550, 56, 43, 252, 22, 1600),
(173, 3, 'perempuan', 80, 54, 159, 1550, 56, 43, 252, 22, 1600),
(174, 3, 'perempuan', 81, 53, 159, 1425, 55, 40, 232, 20, 1500),
(175, 3, 'perempuan', 82, 53, 159, 1425, 55, 40, 232, 20, 1500),
(176, 3, 'perempuan', 83, 53, 159, 1425, 55, 40, 232, 20, 1500),
(177, 3, 'perempuan', 84, 53, 159, 1425, 55, 40, 232, 20, 1500),
(178, 3, 'perempuan', 85, 53, 159, 1425, 55, 40, 232, 20, 1500),
(179, 3, 'perempuan', 86, 53, 159, 1425, 55, 40, 232, 20, 1500),
(180, 3, 'perempuan', 87, 53, 159, 1425, 55, 40, 232, 20, 1500),
(181, 3, 'perempuan', 88, 53, 159, 1425, 55, 40, 232, 20, 1500),
(182, 3, 'perempuan', 89, 53, 159, 1425, 55, 40, 232, 20, 1500),
(183, 3, 'perempuan', 90, 53, 159, 1425, 55, 40, 232, 20, 1500),
(184, 0, 'hamil', 1, 0, 0, 180, 20, 6, 25, 3, 300),
(185, 0, 'hamil', 2, 0, 0, 300, 20, 10, 40, 4, 300),
(186, 0, 'hamil', 3, 0, 0, 300, 20, 10, 40, 4, 300),
(458, 1, 'aa', 12, 21, 122, 122, 123, 123, 123, 124, 124),
(460, 213, 'wkwkwkw', 31, 31, 31, 31, 31, 0, 31, 310, 31);

-- --------------------------------------------------------

--
-- Table structure for table `dkbm`
--

CREATE TABLE `dkbm` (
  `id` int(11) NOT NULL,
  `foodgroup` varchar(128) NOT NULL,
  `foodname` varchar(128) NOT NULL,
  `energy` int(11) NOT NULL,
  `protein` double NOT NULL,
  `fats` double NOT NULL,
  `carbhdrt` double NOT NULL,
  `calcium` double NOT NULL,
  `phosphor` int(11) NOT NULL,
  `iron` decimal(10,0) NOT NULL,
  `vit_a` int(11) NOT NULL,
  `vit_b1` double NOT NULL,
  `vit_c` double NOT NULL,
  `f_edible` int(11) NOT NULL,
  `f_weight` int(11) NOT NULL
) ENGINE=InnoDB DEFAULT CHARSET=utf8mb4;

--
-- Dumping data for table `dkbm`
--

INSERT INTO `dkbm` (`id`, `foodgroup`, `foodname`, `energy`, `protein`, `fats`, `carbhdrt`, `calcium`, `phosphor`, `iron`, `vit_a`, `vit_b1`, `vit_c`, `f_edible`, `f_weight`) VALUES
(2, 'AA', 'Arrowroot', 102, 1, 0.2, 24.1, 28, 35, '2', 0, 0.06, 2, 100, 100),
(3, 'AA', 'Belitung', 145, 1.2, 0.4, 34.2, 26, 54, '1', 0, 0.1, 2, 85, 100),
(4, 'AA', 'Belitung kukus', 145, 1.2, 0.4, 34.2, 21, 48, '1', 0, 0.08, 1.2, 100, 100),
(5, 'AA', 'Beras benir', 339, 7.7, 4.4, 73, 22, 272, '3', 0, 0.55, 0, 100, 100),
(6, 'AA', 'Beras giling', 360, 6.8, 0.7, 78.9, 6, 140, '1', 0, 0.12, 0, 100, 100),
(7, 'AA', 'Beras giling pelita I/1', 366, 7.6, 1, 78.9, 59, 258, '1', 0, 0.26, 0, 100, 100),
(8, 'AA', 'Beras giling pelita II/1', 396, 9.5, 1.4, 77.1, 68, 171, '1', 0, 0.26, 0, 100, 100),
(9, 'AA', 'Beras jagung', 345, 9.1, 2, 76.5, 14, 311, '4', 0, 0.17, 0, 100, 100),
(10, 'AA', 'Beras ketan hitam', 356, 7, 0.7, 78, 10, 148, '1', 0, 0.2, 0, 100, 100),
(11, 'AA', 'Beras ketan hitam kukus', 181, 4, 1.2, 37.3, 9, 144, '2', 0, 0.06, 0, 100, 100),
(12, 'AA', 'Beras ketan hitam tumbuk', 360, 8, 2.3, 74.5, 10, 347, '6', 0, 0.24, 0, 100, 100),
(13, 'AA', 'Beras ketan putih', 362, 6.7, 0.7, 79.4, 12, 148, '1', 0, 0.16, 0, 100, 100),
(14, 'AA', 'Beras ketan putih kukus', 163, 3, 0.4, 35.7, 4, 55, '1', 0, 0.07, 0, 100, 100),
(15, 'AA', 'Beras ketan putih tumbuk', 361, 7.4, 0.8, 78.4, 13, 157, '3', 0, 0.28, 0, 100, 100),
(16, 'AA', 'Beras merah tumbuk', 359, 7.5, 0.9, 77.6, 16, 163, '0', 0, 0.21, 0, 100, 100),
(17, 'AA', 'Beras merah tumbuk', 352, 7.3, 0.9, 76.2, 15, 257, '4', 0, 0.34, 0, 100, 100),
(18, 'AA', 'Beras merah tumbuk (kukus)', 149, 2.8, 0.4, 32.5, 6, 63, '1', 0, 0.06, 0, 100, 100),
(19, 'AA', 'Beras paboiled', 364, 6.8, 0.6, 80.1, 5, 142, '1', 0, 0.22, 0, 100, 100),
(20, 'AA', 'Beras pecah kulit', 335, 7.4, 1.9, 76.2, 12, 290, '2', 0, 0.32, 0, 100, 100),
(21, 'AA', 'Beras rojolele', 357, 8.4, 1.7, 77.1, 147, 81, '2', 0, 0.2, 0, 100, 100),
(22, 'AA', 'Beras setengah giling', 363, 7.6, 1.1, 78.3, 11, 221, '1', 0, 0.19, 0, 100, 100),
(23, 'AA', 'Beras tumbuk pelita I/1', 365, 9.7, 1.4, 75.9, 72, 205, '1', 0, 0.34, 0, 100, 100),
(24, 'AA', 'Beras tumbuk pelita II/1', 360, 9.4, 1.3, 75.2, 59, 170, '2', 0, 0.4, 0, 100, 100),
(25, 'AA', 'Gadung', 101, 2.1, 0.2, 23.2, 20, 69, '1', 0, 0.1, 9, 85, 100),
(26, 'AA', 'Gadung (DKBM P3G \'90)', 100, 0.9, 0.3, 23.5, 79, 66, '1', 0, 0.23, 1.9, 85, 100),
(27, 'AA', 'Ganyong', 95, 1, 0.1, 22.6, 21, 70, '20', 0, 0.1, 10, 65, 100),
(28, 'AA', 'Ganyong (DKBM P3G \'90)', 77, 0.6, 0.2, 18.4, 15, 67, '1', 0, 0.1, 9, 65, 100),
(29, 'AA', 'Gaplek', 338, 1.5, 0.7, 81.3, 80, 60, '2', 0, 0.04, 0, 100, 100),
(30, 'AA', 'Gembili', 95, 1.5, 0.1, 22.4, 14, 49, '1', 0, 0.05, 4, 85, 100),
(31, 'AA', 'Gembili (DKBM P3G \'90)', 131, 1.1, 0.2, 31.3, 14, 56, '1', 0, 0.08, 4, 85, 100),
(32, 'AA', 'J a l i', 289, 11, 4, 61, 213, 176, '11', 0, 0.14, 0, 90, 100),
(33, 'AA', 'Jagung giling kuning', 361, 8.7, 4.5, 72.4, 9, 380, '5', 350, 0.27, 0, 100, 100),
(34, 'AA', 'Jagung giling putih', 361, 8.7, 4.5, 72.4, 9, 380, '5', 0, 0.27, 0, 100, 100),
(35, 'AA', 'Jagung harapan', 367, 6.2, 5.1, 76.2, 7, 354, '3', 0, 0.19, 0, 100, 100),
(36, 'AA', 'Jagung kuning', 366, 9.8, 7.3, 69.1, 30, 538, '2', 0, 0.12, 3, 100, 100),
(37, 'AA', 'Jagung kuning muda', 147, 5.1, 0.7, 31.5, 6, 122, '1', 0, 0.24, 9, 100, 100),
(38, 'AA', 'Jagung kuning muda rebus', 142, 5, 0.7, 30.5, 5, 105, '1', 0, 0.15, 0, 100, 100),
(39, 'AA', 'Jagung kuning rebus', 366, 9.8, 7.3, 69.1, 30, 538, '2', 0, 0.12, 3, 100, 100),
(40, 'AA', 'Jagung kuning, pipil baru', 307, 7.9, 3.4, 63.6, 9, 148, '2', 440, 0.33, 0, 90, 100),
(41, 'AA', 'Jagung kuning, pipil lama', 355, 9.2, 3.9, 73.7, 10, 256, '2', 510, 0.38, 0, 90, 100),
(42, 'AA', 'Jagung metro', 368, 5.5, 4.6, 78, 7, 300, '2', 0, 0.16, 0, 100, 100),
(43, 'AA', 'Jagung putih , pipil baru', 307, 7.9, 3.4, 63.6, 9, 148, '2', 0, 0.33, 0, 90, 100),
(44, 'AA', 'Jagung putih , pipil lama', 355, 9.2, 3.9, 73.7, 10, 256, '2', 0, 0.38, 0, 90, 100),
(45, 'AA', 'Jagung segar, kuning', 140, 4.7, 1.3, 33.1, 6, 118, '1', 435, 0.24, 8, 90, 100),
(46, 'AA', 'Jagung segar, putih', 140, 4.7, 1.3, 33.1, 6, 118, '1', 0, 0.24, 8, 90, 100),
(47, 'AA', 'Jagung titi', 374, 9.4, 2.2, 79.1, 14, 142, '3', 0, 0.2, 0, 100, 100),
(48, 'AA', 'Jawawut', 334, 9.7, 3.5, 73.4, 28, 311, '5', 0, 0.51, 0, 100, 100),
(49, 'AA', 'Kaburan', 133, 1, 0.2, 32.2, 65, 50, '1', 0, 0.01, 0, 81, 100),
(50, 'AA', 'Katul beras', 275, 12.6, 14.8, 54.6, 32, 2000, '14', 0, 0.82, 0, 100, 100),
(51, 'AA', 'Katul jagung', 356, 9, 8.5, 64.5, 200, 500, '10', 0, 1.2, 0, 100, 100),
(52, 'AA', 'Kentang', 83, 2, 0.1, 19.1, 11, 56, '1', 0, 0.11, 17, 85, 100),
(53, 'AA', 'Kentang (DKBM P3G \'90)', 62, 2.1, 0.2, 13.5, 63, 58, '1', 0, 0.09, 21, 84, 100),
(54, 'AA', 'Kentang hitam', 142, 0.9, 0.4, 37.7, 34, 75, '0', 0, 0.02, 38, 75, 100),
(55, 'AA', 'Keribang', 137, 1.3, 1.1, 29.8, 45, 56, '1', 0, 0, 0, 83, 100),
(56, 'AA', 'Ketan (lihat beras ketan )', 362, 6.7, 0.7, 79.4, 12, 148, '1', 0, 0.16, 0, 100, 100),
(57, 'AA', 'Ketela pohon (DKBM P3G \'90)', 154, 1, 0.3, 36.8, 77, 24, '1', 0, 0.06, 31, 85, 100),
(58, 'AA', 'Ketela pohon (singkong)', 146, 1.2, 0.3, 34.7, 33, 40, '1', 0, 0.06, 30, 75, 100),
(59, 'AA', 'Ketela pohon kuning', 157, 0.8, 0.3, 37.9, 33, 40, '1', 385, 0.06, 30, 75, 100),
(60, 'AA', 'Komba ( bentul )', 98, 1.6, 0.7, 20.9, 44, 66, '2', 0, 0.02, 0, 86, 100),
(61, 'AA', 'Mi kering', 339, 10, 1.7, 76.3, 31, 143, '4', 0, 0, 0, 100, 100),
(62, 'AA', 'Misoa', 345, 8.5, 2.2, 78, 52, 120, '9', 0, 0, 0, 100, 100),
(63, 'AA', 'Sente', 64, 0.6, 0.3, 14.8, 30, 50, '1', 0, 0.05, 5, 86, 100),
(64, 'AA', 'Suweg', 69, 1, 0.1, 15.7, 62, 41, '4', 0, 0.07, 5, 86, 100),
(65, 'AA', 'Suweg (DKBM P3G \'90)', 74, 1.4, 0.1, 17.2, 42, 46, '1', 0, 0.04, 2.3, 85, 100),
(66, 'AA', 'Talas', 98, 1.9, 0.2, 23.7, 28, 61, '1', 20, 0.13, 4, 85, 100),
(67, 'AA', 'Talas bogor', 108, 1.4, 0.4, 25, 47, 67, '1', 0, 0.06, 4, 85, 100),
(68, 'AA', 'Talas pontianak', 163, 2.3, 0.5, 36.4, 45, 80, '2', 0, 0.02, 0, 83, 100),
(69, 'AA', 'Tepung terigu', 333, 9, 1, 77.2, 22, 150, '1', 0, 0.1, 0, 100, 100),
(70, 'AA', 'Ubi jalar kuning', 114, 0.8, 0.5, 26.7, 51, 47, '1', 0, 0.06, 22, 85, 100),
(71, 'AA', 'Ubi jalar merah', 123, 1.8, 0.7, 27.9, 30, 49, '1', 7700, 0.09, 22, 86, 100),
(72, 'AA', 'Ubi jalar merah (DKBM P3G \'90)', 151, 1.6, 0.3, 35.4, 29, 74, '1', 0, 0.13, 10.5, 93, 100),
(73, 'AA', 'Ubi jalar puith (DKBM P3G \'90)', 152, 1.5, 0.3, 35.7, 29, 64, '1', 0, 0.17, 9.8, 91, 100),
(74, 'AA', 'Ubi jalar putih', 123, 1.8, 0.7, 27.9, 30, 49, '1', 60, 0.09, 22, 86, 100),
(75, 'AA', 'Ubi kemayung', 150, 1.5, 0.2, 35.5, 24, 48, '1', 0, 0.13, 6.2, 85, 100),
(76, 'AA', 'Ubi manis', 83, 1.5, 0.2, 18.8, 27, 162, '2', 0, 0.02, 0, 85, 100),
(77, 'AA', 'Uwi', 101, 2, 0.2, 19.8, 45, 280, '2', 0, 0.1, 9, 86, 100),
(78, 'AB', 'Bihun', 360, 4.7, 0.1, 82.1, 6, 35, '1', 0, 0, 0, 100, 100),
(79, 'AB', 'Biskuit', 458, 6.9, 14.4, 75.1, 62, 87, '3', 0, 0.09, 0, 100, 100),
(80, 'AB', 'Cantel', 332, 11, 3.3, 73, 28, 287, '4', 0, 0.38, 0, 100, 100),
(81, 'AB', 'Havermout', 390, 14.2, 7.4, 68.2, 53, 405, '5', 0, 0.6, 0, 100, 100),
(82, 'AB', 'Jagung muda,kuning rebus/bakar', 129, 4.1, 1.3, 30.3, 5, 108, '1', 117, 0.18, 9, 28, 100),
(83, 'AB', 'Jagung muda,putih rebus/bakar', 129, 4.1, 1.3, 30.3, 5, 108, '1', 0, 0.18, 9, 28, 100),
(84, 'AB', 'Kerupuk aci', 350, 0.5, 0.2, 85.9, 0, 0, '0', 0, 0, 0, 100, 100),
(85, 'AB', 'Ketela mie golosor', 71, 0.2, 0.8, 15.9, 117, 5, '0', 0, 0.05, 0, 100, 100),
(86, 'AB', 'Ketela oyek', 342, 2.3, 0.1, 38.1, 27, 61, '8', 0, 0.06, 0, 100, 100),
(87, 'AB', 'Macaroni', 363, 8.7, 0.4, 78.7, 20, 80, '0', 0, 0.1, 0, 100, 100),
(88, 'AB', 'Maizena ( pati jagung )', 343, 0.3, 0, 85, 20, 30, '2', 0, 0, 0, 100, 100),
(89, 'AB', 'Mi basah', 86, 0.6, 3.3, 14, 14, 13, '1', 0, 0, 0, 100, 100),
(90, 'AB', 'Mi kering', 337, 7.9, 11.8, 50, 49, 47, '3', 0, 0.01, 0, 100, 100),
(91, 'AB', 'Pati singkong ( tapioka )', 362, 0.5, 0.3, 86.9, 0, 0, '0', 0, 0, 0, 100, 100),
(92, 'AB', 'Roti putih', 248, 8, 1.2, 50, 10, 95, '2', 0, 0.1, 0, 100, 100),
(93, 'AB', 'Roti warna sawo matang', 249, 7.9, 1.5, 49.7, 20, 140, '3', 0, 0.15, 0, 100, 100),
(94, 'AB', 'Tape singkong', 173, 0.5, 0.1, 42.5, 30, 30, '0', 0, 0.07, 0, 100, 100),
(95, 'AB', 'Tepung beras', 364, 7, 0.5, 80, 5, 140, '1', 0, 0.12, 0, 100, 100),
(96, 'AB', 'Tepung gaplek', 363, 1.1, 0.5, 88.2, 84, 125, '1', 0, 0.04, 0, 100, 100),
(97, 'AB', 'Tepung garut (tepung anowroot)', 355, 0.7, 0.2, 85.2, 8, 22, '2', 0, 0.09, 0, 100, 100),
(98, 'AB', 'Tepung jagung kuning', 355, 9.2, 3.9, 73.7, 10, 256, '2', 510, 0.38, 0, 100, 100),
(99, 'AB', 'Tepung jagung putih', 355, 9.2, 3.9, 73.7, 10, 256, '2', 0, 0.38, 0, 100, 100),
(100, 'AB', 'Tepung kentang', 347, 0.3, 0.1, 85.6, 20, 30, '1', 0, 0.04, 0, 100, 100),
(101, 'AB', 'Tepung sagu', 353, 0.7, 0.2, 84.7, 11, 13, '2', 0, 0.01, 0, 100, 100),
(102, 'AB', 'Tepung sagu', 209, 0.3, 0.2, 51.6, 27, 13, '1', 0, 0.01, 0, 100, 100),
(103, 'AB', 'Tepung sagu ambon', 555, 11.5, 51.1, 21.6, 1408, 556, '7', 0, 0.95, 0, 100, 100),
(104, 'AB', 'Tepung terigu', 365, 8.9, 1.3, 77.3, 16, 106, '1', 0, 0.12, 0, 100, 100),
(105, 'AB', 'Tipa tipa (emping)', 355, 6.1, 1.2, 79.8, 17, 328, '2', 0, 0.26, 0, 100, 100),
(106, 'AB', 'Vermicelli', 363, 8.7, 0.4, 78.7, 20, 80, '0', 0, 0.1, 0, 100, 100),
(107, 'BA', 'Akar tonjong', 45, 1.1, 0.4, 10.8, 72, 125, '1', 0, 0.02, 1.8, 100, 100),
(108, 'BA', 'Ake .toge', 37, 4.4, 0.5, 3.8, 50, 248, '2', 0, 0.02, 46, 90, 100),
(109, 'BA', 'Biji jambu mete', 606, 19.5, 47.3, 34.9, 416, 538, '8', 0, 0.15, 0, 100, 100),
(110, 'BA', 'Biji jambu mete', 606, 19.5, 47.3, 34.9, 416, 538, '8', 0, 0.15, 0, 100, 100),
(111, 'BA', 'Biji jambu monyet (mente)', 562, 21.2, 49.6, 23.6, 50, 450, '5', 100, 0.02, 0, 100, 100),
(112, 'BA', 'Bungkil biji karet', 333, 29.3, 3.3, 50, 102, 660, '12', 0, 0.1, 0, 100, 100),
(113, 'BA', 'Bungkil kacang tanah', 336, 37.4, 13, 30.5, 730, 470, '31', 0, 0.04, 0, 100, 100),
(114, 'BA', 'Bungkil kelapa', 368, 23, 15, 40, 137, 433, '42', 0, 0, 0, 100, 100),
(115, 'BA', 'Jengkol', 20, 3.5, 0.1, 3.1, 21, 25, '1', 240, 0.1, 12, 90, 100),
(116, 'BA', 'Jengkol', 140, 6.3, 0.1, 28.8, 29, 45, '1', 0, 0.65, 24, 90, 100),
(117, 'BA', 'Kabau', 199, 6.4, 1.1, 41, 40, 108, '2', 0, 0.03, 0, 100, 100),
(118, 'BA', 'Kacang arab', 330, 23.8, 1.4, 60.2, 57, 388, '5', 140, 0.77, 2, 100, 100),
(119, 'BA', 'Kacang babi', 341, 30.4, 3.2, 51.3, 178, 521, '7', 0, 0.23, 0, 80, 100),
(120, 'BA', 'Kacang babi bogor', 165, 7.7, 3.1, 27.4, 96, 126, '5', 0, 0, 0, 35, 100),
(121, 'BA', 'Kacang babi gude', 316, 20.7, 1, 58, 146, 445, '5', 0, 0.3, 0, 100, 100),
(122, 'BA', 'Kacang babi kecipir', 400, 34.4, 16.9, 34.1, 468, 182, '7', 0, 0.3, 3.5, 100, 100),
(123, 'BA', 'Kacang bogor', 370, 16, 6, 65, 85, 264, '4', 0, 0.18, 0, 100, 100),
(124, 'BA', 'Kacang endel, biji', 331, 25, 1, 58, 80, 400, '5', 0, 0.3, 9, 95, 100),
(125, 'BA', 'Kacang gude, biji', 336, 20.7, 1.4, 62, 125, 275, '4', 150, 0.48, 5, 100, 100),
(126, 'BA', 'Kacang gude, biji muda', 114, 7, 0.6, 20.8, 3, 122, '2', 70, 0.37, 43, 100, 100),
(127, 'BA', 'Kacang hijau var. siwalik', 339, 20.8, 2.1, 64.6, 122, 136, '4', 0, 0.45, 9, 100, 100),
(128, 'BA', 'Kacang hijau var.bakti', 350, 17.1, 1.8, 70.7, 94, 315, '5', 0, 0.4, 11, 100, 100),
(129, 'BA', 'Kacang hijau var.takdiketahui', 323, 22.9, 1.5, 56.8, 223, 319, '8', 0, 0.46, 10, 100, 100),
(130, 'BA', 'Kacang ijo', 345, 22.2, 1.2, 62.9, 125, 320, '7', 157, 0.64, 6, 100, 100),
(131, 'BA', 'Kacang kedelai', 381, 40.4, 16.7, 24.9, 222, 682, '10', 0, 0.52, 121.7, 100, 100),
(132, 'BA', 'Kacang kedele basah', 286, 30.2, 15.6, 30.1, 196, 506, '7', 95, 0.93, 0, 100, 100),
(133, 'BA', 'Kacang kedele kering', 331, 34.9, 18.1, 34.8, 227, 585, '8', 110, 1.07, 0, 100, 100),
(134, 'BA', 'Kacang merah (kacang galing)', 336, 23.1, 1.7, 59.5, 80, 400, '5', 0, 0.6, 0, 95, 100),
(135, 'BA', 'Kacang merah kering', 314, 22.1, 1.1, 56.2, 502, 429, '10', 0, 0.4, 0, 97, 100),
(136, 'BA', 'Kacang merah segar', 171, 11, 2.2, 28, 293, 134, '4', 0, 0.15, 0, 100, 100),
(137, 'BA', 'Kacang merah tua', 280, 16.7, 1.6, 63.2, 209, 335, '6', 0, 0.1, 5.7, 100, 100),
(138, 'BA', 'Kacang panjang biji', 357, 17.3, 1.5, 70, 163, 437, '7', 0, 0.57, 2, 100, 100),
(139, 'BA', 'Kacang roay', 344, 12.5, 2.1, 69.4, 70, 103, '4', 0, 0.11, 1, 100, 100),
(140, 'BA', 'Kacang tanah', 525, 27.9, 42.7, 17.4, 315, 456, '6', 0, 0.44, 0, 100, 100),
(141, 'BA', 'Kacang tanah terkupas selaput', 452, 25.3, 42.8, 21.1, 58, 335, '1', 0, 0.3, 3, 100, 100),
(142, 'BA', 'Kacang tolo', 331, 24.4, 1.9, 56.6, 481, 399, '14', 0, 0.06, 0, 100, 100),
(143, 'BA', 'Kacang tunggak (kacang tolo)', 342, 22.9, 1.4, 61.6, 77, 449, '7', 30, 0.92, 2, 100, 100),
(144, 'BA', 'Kacang uci', 358, 23.4, 2.4, 60.6, 269, 264, '1', 0, 0.1, 2, 100, 100),
(145, 'BA', 'Kecipir, biji', 405, 32.8, 17, 36.5, 80, 200, '2', 0, 0.03, 0, 100, 100),
(146, 'BA', 'Kelapa muda, air', 17, 0.2, 0.1, 3.8, 15, 8, '0', 0, 0, 1, 100, 100),
(147, 'BA', 'Kelapa muda, daging', 68, 1, 0.9, 14, 7, 30, '1', 0, 0.06, 4, 53, 100),
(148, 'BA', 'Kelapa setengah tua, daging', 180, 4, 15, 10, 8, 55, '1', 10, 0.05, 4, 53, 100),
(149, 'BA', 'Kelapa tua, daging', 359, 3.4, 34.7, 14, 21, 98, '2', 0, 0.1, 2, 53, 100),
(150, 'BA', 'Kemiri', 636, 19, 63, 8, 80, 200, '2', 0, 0.06, 0, 100, 100),
(151, 'BA', 'Kenari', 657, 15, 66, 13, 92, 691, '8', 0, 0.42, 0, 100, 100),
(152, 'BA', 'Ketumbar', 404, 14.1, 16.1, 54.2, 630, 370, '18', 1570, 0.2, 0, 100, 100),
(153, 'BA', 'Kluwak', 273, 10, 24, 13.5, 40, 100, '2', 0, 0.15, 30, 80, 100),
(154, 'BA', 'Koro andong', 356, 20.5, 4.1, 61.6, 150, 272, '6', 0, 0.29, 1, 100, 100),
(155, 'BA', 'Koro benguk, biji', 332, 24, 3, 55, 130, 200, '2', 70, 0.3, 0, 95, 100),
(156, 'BA', 'Koro loke, biji', 33, 2.7, 0.2, 7.9, 60, 40, '2', 40, 0.1, 0, 95, 100),
(157, 'BA', 'Koro wedus, biji', 338, 22.2, 1.5, 61, 88, 395, '4', 0, 0.62, 0, 100, 100),
(158, 'BA', 'Lamtoro (pete cina) biji muda', 85, 5.7, 0.3, 15.4, 180, 53, '3', 423, 0.08, 15, 100, 100),
(159, 'BA', 'Lamtoro (pete cina) biji tua', 148, 10.6, 0.5, 26.2, 155, 59, '2', 416, 0.23, 20, 100, 100),
(160, 'BA', 'Lamtoro gung / kupasan', 367, 46.4, 5.4, 32.5, 136, 441, '23', 0, 0.06, 9.3, 100, 100),
(161, 'BA', 'Lamtoro var. lokal', 336, 23.8, 1.2, 59.7, 867, 321, '2', 0, 0.15, 16, 100, 100),
(162, 'BA', 'Lamtoro var. tempe', 128, 10.7, 0.5, 21.3, 203, 108, '0', 0, 0.17, 2, 100, 100),
(163, 'BA', 'Nangka, biji', 165, 4.2, 0.1, 36.7, 33, 200, '1', 0, 0.2, 10, 75, 100),
(164, 'BA', 'Pala, biji', 494, 7.5, 36.4, 40.1, 120, 240, '5', 0, 0.2, 0, 95, 100),
(165, 'BA', 'Pete segar', 142, 10.4, 2, 22, 95, 115, '1', 200, 0.17, 36, 36, 100),
(166, 'BA', 'Saga merah terkupas', 449, 30.6, 25.5, 31.9, 1062, 161, '14', 0, 0.09, 7, 100, 100),
(167, 'BA', 'Wijen', 568, 19.3, 51.1, 18.1, 1125, 614, '10', 0, 0.93, 0, 100, 100),
(168, 'BA', 'Wijen (DKBM P3G \'90)', 555, 11.5, 51.5, 21.6, 1408, 556, '7', 0, 0.95, 0, 100, 100),
(169, 'BB', 'Ampas tahu', 414, 26.6, 18.3, 41.3, 19, 29, '4', 0, 0.2, 0, 100, 100),
(170, 'BB', 'Ampas tahu (DKBM P3G \'90)', 67, 5, 2.1, 8.1, 460, 88, '1', 0, 0.06, 0, 100, 100),
(171, 'BB', 'Biji jambu mete goreng', 629, 21.5, 56.6, 19.8, 502, 493, '8', 0, 0.18, 0, 100, 100),
(172, 'BB', 'Bongkrek(tempe bungkil kelapa)', 119, 4.4, 3.5, 18.3, 27, 100, '3', 0, 0.08, 0, 100, 100),
(173, 'BB', 'Emping (kerupuk melinjo)', 345, 12, 1.5, 71.5, 100, 400, '5', 0, 0.2, 0, 100, 100),
(174, 'BB', 'Kac.tanah sangan tanpa slpt', 559, 26.9, 44.2, 23.6, 74, 393, '2', 0, 0.3, 0, 100, 100),
(175, 'BB', 'Kacang ampas', 96, 3.7, 0.6, 19.1, 133, 150, '1', 0, 0.05, 0, 100, 100),
(176, 'BB', 'Kacang babi jadi tempe', 139, 12.5, 0.8, 31.9, 68, 182, '3', 0, 0.1, 0, 100, 100),
(177, 'BB', 'Kacang babi kecipir tempe', 212, 17.5, 10, 12.9, 186, 160, '2', 0, 0.02, 0, 100, 100),
(178, 'BB', 'Kacang oncom', 376, 14.9, 6, 65.7, 199, 110, '11', 0, 0.03, 0, 100, 100),
(179, 'BB', 'Kacang tanah goreng', 564, 25.5, 44.4, 25.5, 106, 390, '4', 0, 0.4, 0, 100, 100),
(180, 'BB', 'Kacang tanah rebus dgn kulit', 360, 13.5, 31.2, 12.8, 42, 177, '1', 0, 0.44, 5, 43, 100),
(181, 'BB', 'Keju kacang tanah (peanut b)', 590, 27, 49, 20.9, 60, 360, '2', 0, 0.3, 0, 100, 100),
(182, 'BB', 'Kembang tahu', 380, 48.9, 13.8, 23.3, 378, 781, '0', 0, 0, 0, 100, 100),
(183, 'BB', 'Koro kerupuk, biji', 125, 8.3, 0.7, 22.1, 17, 12, '3', 80, 0.11, 31, 68, 100),
(184, 'BB', 'Kwaci', 515, 30.6, 42.1, 13.8, 54, 312, '6', 0, 0.02, 0, 35, 100),
(185, 'BB', 'Lamroto tempe dengn kulit', 146, 11.7, 2.3, 19.6, 128, 41, '7', 0, 0.19, 0, 100, 100),
(186, 'BB', 'Lamtoro tempe', 131, 18, 0.8, 13, 95, 154, '12', 0, 0.2, 0, 100, 100),
(187, 'BB', 'Oncom', 187, 13, 6, 22.6, 96, 115, '27', 0, 0.09, 0, 100, 100),
(188, 'BB', 'Oncom dan singkong', 351, 11, 5.3, 65.9, 164, 113, '8', 0, 0.01, 0, 100, 100),
(189, 'BB', 'Santan (kelapa diperas)', 324, 4.2, 34.3, 5.6, 14, 45, '2', 0, 0.02, 2, 100, 100),
(190, 'BB', 'Santan(kelapa diperas dgn air)', 122, 2, 10, 7.6, 25, 30, '0', 0, 0, 2, 100, 100),
(191, 'BB', 'Saridele, bubuk', 344, 30, 20, 43, 450, 500, '4', 2000, 0.7, 10, 100, 100),
(192, 'BB', 'Susu kedele', 41, 3.5, 2.5, 5, 50, 45, '1', 200, 0.08, 2, 100, 100),
(193, 'BB', 'Tahu', 68, 7.8, 4.6, 1.6, 124, 63, '1', 0, 0.06, 0, 100, 100),
(194, 'BB', 'Tahu (DKBM P3G \'90)', 80, 10.9, 4.7, 0.8, 223, 183, '2', 0, 0.01, 0, 100, 100),
(195, 'BB', 'Taokoa (DKBM P3G \'90)', 148, 13.8, 8.5, 4, 140, 214, '9', 0, 0.02, 0, 100, 100),
(196, 'BB', 'Taokoa', 104, 12.9, 6.8, 1.2, 153, 119, '2', 0, 0.05, 0, 100, 100),
(197, 'BB', 'Tauco', 166, 10.4, 4.9, 24.1, 55, 365, '1', 23, 0.05, 0, 100, 100),
(198, 'BB', 'Tempe gembus', 73, 5.7, 1.3, 10.3, 204, 80, '2', 0, 0.09, 0, 100, 100),
(199, 'BB', 'Tempe gembus yogya', 76, 8.6, 0.7, 10.6, 76, 142, '17', 0, 0.79, 0, 100, 100),
(200, 'BB', 'Tempe gembus(puslitbang)', 73, 5.7, 1.3, 10.3, 204, 80, '2', 0, 0.09, 0, 100, 100),
(201, 'BB', 'Tempe kedelai dan jagung', 143, 12, 5.5, 11.4, 155, 156, '7', 0, 0.33, 0, 100, 100),
(202, 'BB', 'Tempe kedelai murni', 201, 20.8, 8.8, 13.5, 155, 326, '4', 0, 0.19, 0, 100, 100),
(203, 'BB', 'Tempe kedelai pasar', 150, 14, 7.7, 9.1, 517, 202, '2', 0, 0.17, 0, 100, 100),
(204, 'BB', 'Tempe kedele murni', 149, 18.3, 4, 12.7, 129, 154, '10', 50, 0.17, 0, 100, 100),
(205, 'BB', 'Tempe koro benguk', 141, 10.2, 1.3, 23.2, 42, 15, '3', 0, 0.09, 0, 100, 100),
(206, 'BB', 'Tempe lamtoro', 142, 11, 2.5, 20.4, 42, 15, '3', 30, 0.19, 0, 100, 100),
(207, 'BB', 'Tepung hunkwee (pati kac. ijo)', 364, 4.5, 1, 83.5, 50, 100, '1', 0, 0, 0, 100, 100),
(208, 'BB', 'Tepung kacang kedele', 347, 35.9, 20.6, 29.9, 195, 554, '8', 140, 0.77, 0, 100, 100),
(209, 'CA', 'Angsa', 354, 16.4, 31.5, 0, 15, 188, '2', 900, 0.1, 0, 60, 100),
(210, 'CA', 'Ayam', 302, 18.2, 25, 0, 14, 200, '2', 810, 0.08, 0, 58, 100),
(211, 'CA', 'Babat', 113, 17.6, 4.2, 0, 12, 144, '1', 0, 0.15, 0, 100, 100),
(212, 'CA', 'Bebek ( itik )', 326, 16, 28.6, 0, 15, 188, '2', 900, 0.1, 0, 60, 100),
(213, 'CA', 'Daging anak sapi', 190, 19.1, 12, 0, 11, 193, '3', 40, 0.14, 0, 100, 100),
(214, 'CA', 'Daging babi gemuk', 457, 11.9, 45, 0, 7, 117, '2', 0, 0.58, 0, 100, 100),
(215, 'CA', 'Daging babi kurus', 376, 14.1, 35, 0, 8, 151, '2', 0, 0.67, 0, 100, 100),
(216, 'CA', 'Daging domba', 206, 17.1, 14.8, 0, 10, 191, '3', 0, 0.15, 0, 100, 100),
(217, 'CA', 'Daging kambing', 154, 16.6, 9.2, 0, 11, 124, '1', 0, 0.09, 0, 100, 100),
(218, 'CA', 'Daging kerbau', 84, 18.7, 0.5, 0, 7, 151, '2', 0, 0.02, 0, 100, 100),
(219, 'CA', 'Daging kuda', 118, 18.1, 4.1, 0.9, 10, 150, '3', 0, 0.07, 0, 100, 100),
(220, 'CA', 'Daging sapi', 207, 18.8, 14, 0, 11, 170, '3', 30, 0.08, 0, 100, 100),
(221, 'CA', 'Dideh (darah ayam)', 77, 13.8, 1.9, 0.7, 15, 9, '1', 50, 0.02, 0, 100, 100),
(222, 'CA', 'Dideh (darah sapi)', 104, 21.9, 1.1, 0, 7, 24, '1', 50, 0, 0, 100, 100),
(223, 'CA', 'Ginjal babi', 114, 16.3, 4.6, 0.8, 11, 246, '8', 130, 0.58, 13, 100, 100),
(224, 'CA', 'Ginjal domba', 105, 16.6, 3.3, 1, 13, 237, '9', 1150, 0.51, 13, 100, 100),
(225, 'CA', 'Ginjal sapi', 141, 15, 8.1, 0.9, 9, 221, '8', 1150, 0.37, 13, 100, 100),
(226, 'CA', 'Ham', 389, 16.9, 35, 0.3, 10, 136, '3', 0, 0.7, 0, 100, 100),
(227, 'CA', 'Hati babi', 134, 19.7, 4.8, 1.7, 10, 362, '18', 14200, 0.4, 23, 100, 100),
(228, 'CA', 'Hati sapi', 136, 19.7, 3.2, 6, 7, 358, '7', 43900, 0.26, 31, 100, 100),
(229, 'CA', 'Lemak babi (bacon)', 630, 9.1, 65, 1.1, 13, 108, '0', 0, 0.38, 0, 100, 100),
(230, 'CA', 'Otak', 125, 10.4, 8.6, 0.8, 16, 330, '4', 0, 0.23, 18, 100, 100),
(231, 'CA', 'Usus sapi', 130, 14, 7.2, 1.5, 14, 115, '4', 200, 0.08, 0, 100, 100),
(232, 'CB', 'Daging asap', 191, 32, 6, 0, 15, 300, '5', 20, 0.12, 0, 100, 100),
(233, 'CB', 'Daging kornet  ( corned beef )', 241, 16, 25, 0, 10, 170, '4', 0, 0.01, 0, 100, 100),
(234, 'CB', 'Dendeng daging sapi', 433, 55, 9, 0, 30, 370, '5', 0, 0.1, 0, 100, 100),
(235, 'CB', 'Kerupuk kulit kerbau', 422, 83, 4, 0, 5, 10, '0', 0, 0, 0, 100, 100),
(236, 'CB', 'Sarang burung', 281, 37.5, 0.3, 32.1, 485, 18, '3', 0, 0, 0, 100, 100),
(237, 'CB', 'Sosis daging ( wosrt )', 452, 14.5, 42.3, 2.3, 28, 61, '1', 0, 0.1, 0, 100, 100),
(238, 'CB', 'Sosis hati ( leverwosrt )', 387, 16, 22, 3, 20, 150, '4', 4000, 0.2, 0, 100, 100),
(239, 'DA', 'Telur ayam', 162, 12.8, 11.5, 0.7, 54, 180, '3', 900, 0.1, 0, 90, 100),
(240, 'DA', 'Telur ayam bagian kuning', 361, 16.3, 31.9, 0.7, 147, 586, '7', 2000, 0.27, 0, 100, 100),
(241, 'DA', 'Telur ayam bagian putih', 50, 10.8, 0, 0.8, 6, 17, '0', 0, 0, 0, 100, 100),
(242, 'DA', 'Telur ayam lokal', 196, 13, 15.3, 0.8, 67, 334, '3', 213, 0.31, 0, 87, 100),
(243, 'DA', 'Telur ayam ras', 154, 12.4, 10.8, 0.7, 86, 258, '3', 200, 0.12, 0, 89, 100),
(244, 'DA', 'Telur bebek (DKBM P3G \'90)', 202, 12.5, 16.4, 0, 100, 347, '6', 233, 0.3, 0, 90, 100),
(245, 'DA', 'Telur bebek (telur itik)', 189, 13.1, 14.3, 0.8, 56, 175, '3', 1230, 0.18, 0, 90, 100),
(246, 'DA', 'Telur bebek bagian kuning', 398, 17, 35, 0.8, 150, 400, '7', 2870, 0.6, 0, 100, 100),
(247, 'DA', 'Telur bebek bagian putih', 54, 11, 0, 0.8, 21, 20, '0', 0, 0.01, 0, 100, 100),
(248, 'DA', 'Telur bebek diasin', 195, 13.6, 13.6, 1.4, 120, 157, '2', 841, 0.28, 0, 83, 100),
(249, 'DA', 'Telur penyu', 144, 12, 10.2, 0, 84, 193, '1', 600, 0.11, 0, 90, 100),
(250, 'DA', 'Telur terubuk', 425, 31, 28, 10, 50, 100, '2', 600, 0.1, 0, 100, 100),
(251, 'EA', 'Bader (tawes)', 198, 19, 13, 0, 48, 150, '0', 150, 0.1, 0, 80, 100),
(252, 'EA', 'Balong (ikan air tawar)', 107, 16.5, 3.9, 1.5, 54, 202, '2', 82, 0.05, 0, 100, 100),
(253, 'EA', 'Bambangan', 112, 20, 1.3, 3.7, 98, 120, '3', 0, 0.07, 0, 36, 100),
(254, 'EA', 'Bandeng', 129, 20, 4.8, 0, 20, 150, '2', 150, 0.05, 0, 80, 100),
(255, 'EA', 'Banjar', 111, 19.4, 0.9, 4.8, 68, 278, '7', 0, 0.03, 0, 96, 100),
(256, 'EA', 'Bawal', 96, 19, 1.7, 0, 20, 150, '2', 150, 0.05, 0, 80, 100),
(257, 'EA', 'Bekasang', 138, 14, 0.7, 7.4, 40, 80, '2', 100, 0.05, 0, 100, 100),
(258, 'EA', 'Belida', 120, 16.5, 5.3, 0.4, 52, 216, '1', 233, 0.1, 0, 60, 100),
(259, 'EA', 'Belut air laut', 93, 12.8, 1.5, 6.1, 60, 199, '3', 171, 0.06, 0, 100, 100),
(260, 'EA', 'Belut air tawar', 82, 6.7, 1, 10.9, 390, 533, '1', 0, 0, 0, 100, 100),
(261, 'EA', 'Beunteur', 66, 14, 0, 0, 40, 150, '2', 150, 0.02, 0, 80, 100),
(262, 'EA', 'Cue selar kuning', 145, 27, 3.3, 0, 50, 100, '2', 150, 0.1, 0, 90, 100),
(263, 'EA', 'Cumi-cumi', 75, 16.1, 0.7, 0.1, 32, 200, '2', 0, 0.08, 0, 100, 100),
(264, 'EA', 'Cumi-cumi segar', 75, 16.1, 0.7, 0, 32, 200, '2', 0, 0.08, 0, 100, 100),
(265, 'EA', 'Ekor kuning', 109, 17, 4, 0, 500, 500, '1', 150, 0.05, 0, 80, 100),
(266, 'EA', 'Gabus', 77, 12.4, 1, 3.7, 90, 192, '3', 0, 0.02, 0, 62, 100),
(267, 'EA', 'Gabus segar', 74, 25.2, 1.7, 0, 62, 176, '1', 150, 0.04, 0, 64, 100),
(268, 'EA', 'Hiu', 57, 10.7, 0.3, 2.2, 75, 206, '2', 0, 0.05, 0, 65, 100),
(269, 'EA', 'Hiu, ikan hiu', 89, 20.1, 0.3, 0, 25, 208, '1', 150, 0.01, 0, 49, 100),
(270, 'EA', 'Ikan Layang', 109, 22, 1.7, 0, 50, 150, '2', 150, 0.05, 0, 80, 100),
(271, 'EA', 'Ikan balong', 107, 16.5, 3.9, 1.5, 254, 202, '2', 82, 0.05, 0, 47, 100),
(272, 'EA', 'Ikan mas', 86, 16, 2, 0, 20, 150, '2', 150, 0.05, 0, 80, 100),
(273, 'EA', 'Ikan mujair segar', 89, 18.7, 1, 0, 96, 209, '2', 20, 0.03, 0, 80, 100),
(274, 'EA', 'Ikan segar', 113, 17, 4.5, 0, 20, 200, '1', 150, 0.05, 0, 80, 100),
(275, 'EA', 'Kacangan', 77, 15.6, 0.9, 1.6, 94, 170, '2', 60, 0.07, 0, 64, 100),
(276, 'EA', 'Kakap', 92, 20, 0.7, 0, 20, 200, '1', 30, 0.05, 0, 80, 100),
(277, 'EA', 'Kembung', 103, 22, 1, 0, 20, 200, '1', 30, 0.05, 0, 80, 100),
(278, 'EA', 'Keong', 64, 12, 1, 2, 217, 78, '2', 0, 0, 0, 46, 100),
(279, 'EA', 'Kepiting', 151, 13.8, 3.8, 14.1, 210, 250, '1', 200, 0.05, 0, 45, 100),
(280, 'EA', 'Kerang', 59, 8, 1.1, 3.6, 133, 170, '3', 300, 0.01, 0, 20, 100),
(281, 'EA', 'Kerang (DKBM P3G \'90)', 101, 14.4, 2.6, 3.9, 321, 270, '16', 0, 0.01, 0, 100, 100),
(282, 'EA', 'Keru - keru', 93, 16.5, 2.1, 0.8, 65, 217, '2', 0, 0.01, 0, 55, 100),
(283, 'EA', 'Kodok', 73, 16.4, 0.3, 0, 18, 147, '1', 0, 0.14, 0, 65, 100),
(284, 'EA', 'Kura-kura', 83, 19.1, 0.2, 0, 27, 87, '1', 0, 0.2, 0, 70, 100),
(285, 'EA', 'Kuro', 87, 16, 2.2, 1, 75, 136, '1', 21, 0.04, 0, 52, 100),
(286, 'EA', 'Lais', 161, 11.9, 11.5, 2.4, 70, 237, '0', 0, 0.05, 0, 62, 100),
(287, 'EA', 'Layur', 82, 18, 1, 0.4, 48, 229, '2', 15, 0.04, 0, 49, 100),
(288, 'EA', 'Lemuru', 112, 20, 3, 0, 20, 100, '1', 100, 0.05, 0, 80, 100),
(289, 'EA', 'Lidah', 104, 15.6, 3.2, 2, 30, 143, '2', 110, 0.03, 0, 48, 100),
(290, 'EA', 'Mayong', 97, 17.9, 2, 0.4, 40, 100, '3', 68, 0.1, 0, 89, 100),
(291, 'EA', 'Mujahir', 89, 18.7, 1, 0, 96, 209, '2', 20, 0.03, 0, 80, 100),
(292, 'EA', 'Paling, belut', 303, 14, 27, 0, 20, 200, '1', 1600, 0.1, 2, 100, 100),
(293, 'EA', 'Rusip', 110, 11.5, 2, 11.7, 479, 348, '7', 0, 0.04, 0, 100, 100),
(294, 'EA', 'Selar segar', 100, 18.8, 2.2, 0, 40, 179, '1', 150, 0.37, 0, 48, 100),
(295, 'EA', 'Seluang', 361, 10, 3.2, 5.3, 80, 224, '5', 86, 0.03, 0, 89, 100),
(296, 'EA', 'Sidat', 81, 11.4, 1.9, 3.8, 118, 174, '3', 51, 0, 0, 100, 100),
(297, 'EA', 'Tembang', 204, 16, 15, 0, 20, 200, '2', 100, 0.05, 0, 80, 100),
(298, 'EA', 'Teri', 74, 10.3, 1.4, 4.1, 972, 253, '4', 42, 0.24, 0, 100, 100),
(299, 'EA', 'Teri segar', 77, 16, 1, 0, 500, 500, '1', 150, 0.05, 0, 100, 100),
(300, 'EA', 'Udang segar', 91, 21, 0.2, 0.1, 136, 170, '8', 60, 0.01, 0, 68, 100),
(301, 'EB', 'Cakalang asin', 198, 36.5, 2.2, 5.5, 236, 346, '4', 0, 0.06, 0, 70, 100),
(302, 'EB', 'Calo . peda', 81, 11.4, 1.9, 3.8, 743, 174, '23', 51, 0, 0, 100, 100),
(303, 'EB', 'Dendeng ikan mujair', 582, 68.3, 15.2, 37.2, 3258, 1699, '4', 50, 0.27, 0, 100, 100),
(304, 'EB', 'Gabus kering', 292, 58, 4, 0, 15, 100, '1', 100, 0.1, 0, 80, 100),
(305, 'EB', 'Ikan asin kering', 193, 42, 1.5, 0, 200, 300, '3', 0, 0.01, 0, 70, 100),
(306, 'EB', 'Ikan tombo asin', 162, 31.7, 2.8, 0.3, 279, 609, '5', 0, 0.09, 0, 70, 100),
(307, 'EB', 'Kerang dendeng', 357, 41.1, 10, 25.6, 217, 904, '5', 0, 0.27, 0, 100, 100),
(308, 'EB', 'Kerupuk ikan, dengan pati', 342, 16, 0.4, 65.6, 2, 20, '0', 0, 0, 0, 100, 100),
(309, 'EB', 'Kerupuk udang, dengan pati', 359, 17.2, 0.6, 68.2, 332, 337, '2', 50, 0.04, 0, 100, 100),
(310, 'EB', 'Lais sale', 415, 61.3, 17.6, 2.9, 258, 919, '7', 0, 0.03, 0, 100, 100),
(311, 'EB', 'Mujahir dendeng', 582, 68.3, 15.2, 37.2, 3258, 1699, '4', 50, 0.27, 0, 100, 100),
(312, 'EB', 'Peda banjar', 156, 28, 4, 0, 174, 316, '3', 110, 0, 0, 90, 100),
(313, 'EB', 'Pepetek', 176, 32, 4.4, 0, 120, 200, '1', 50, 0.5, 0, 100, 100),
(314, 'EB', 'Petis ikan', 161, 20, 0.2, 24, 37, 36, '3', 0, 0, 0, 100, 100),
(315, 'EB', 'Petis udang', 220, 15, 0.1, 40, 37, 36, '3', 0, 0, 0, 100, 100),
(316, 'EB', 'Pindang banjar', 157, 28, 4.2, 0, 50, 100, '1', 150, 0.1, 0, 90, 100),
(317, 'EB', 'Pindang benggol', 170, 31, 4.2, 0, 50, 100, '1', 150, 0.1, 0, 90, 100),
(318, 'EB', 'Pindang layang', 153, 30, 2.8, 0, 60, 200, '3', 200, 0.07, 0, 90, 100),
(319, 'EB', 'Pindang selar kecil', 142, 27, 3, 0, 60, 200, '3', 200, 0.07, 0, 90, 100),
(320, 'EB', 'Rebon (udang kecil segar)', 81, 16.2, 1.2, 0.7, 757, 292, '2', 60, 0.04, 0, 100, 100),
(321, 'EB', 'Rebon kering', 299, 59.4, 3.6, 3.2, 2306, 265, '21', 0, 0.06, 0, 100, 100),
(322, 'EB', 'Sardencis dalam kaleng', 338, 21.1, 27, 1, 354, 434, '4', 250, 0.1, 0, 100, 100),
(323, 'EB', 'Selar kering', 194, 38, 3.5, 0, 20, 200, '1', 0, 0.01, 0, 75, 100),
(324, 'EB', 'Sepat kering', 289, 38, 14, 0, 40, 100, '1', 0, 0, 0, 75, 100),
(325, 'EB', 'Sunu asin', 168, 32.4, 1.2, 4.5, 320, 343, '6', 0, 0.01, 0, 70, 100),
(326, 'EB', 'Telur ikan', 398, 16.7, 34.8, 4.5, 235, 544, '25', 0, 0.3, 0, 100, 100),
(327, 'EB', 'Tepung ikan', 316, 60.1, 6.5, 22.4, 3196, 1976, '17', 1083, 0, 0, 100, 100),
(328, 'EB', 'Terasi', 155, 22.3, 2.9, 9.9, 3812, 726, '0', 0, 0.24, 0, 100, 100),
(329, 'EB', 'Terasi merah', 174, 30, 3.5, 3.5, 100, 250, '3', 0, 0, 0, 100, 100),
(330, 'EB', 'Teri bubuk', 277, 60, 2.3, 1.8, 1209, 1225, '3', 297, 0.1, 0, 100, 100),
(331, 'EB', 'Teri kering', 170, 33.4, 3, 0, 1200, 1500, '4', 210, 0.15, 0, 100, 100),
(332, 'EB', 'Teri kering sekali tawar', 331, 68.7, 4.2, 0, 2381, 1500, '23', 200, 0.1, 0, 100, 100),
(333, 'EB', 'Teri nasi kering', 144, 32.5, 0.6, 0, 1000, 1000, '3', 200, 0.1, 0, 100, 100),
(334, 'EB', 'Teri tepung', 347, 48.8, 6.4, 19.6, 4608, 1200, '19', 200, 1.12, 0, 100, 100),
(335, 'EB', 'Udang kering', 259, 62.4, 2.3, 1.8, 1209, 1225, '6', 210, 0.14, 0, 90, 100),
(336, 'FA', 'Andaliman', 99, 4.6, 1, 18, 383, 107, '3', 0, 3, 14.7, 100, 100),
(337, 'FA', 'Andewi', 25, 1.6, 0.2, 5.3, 33, 66, '1', 0, 0.14, 10, 80, 100),
(338, 'FA', 'Baligo', 13, 0.4, 0.2, 3, 19, 19, '0', 0, 0.04, 13, 69, 100),
(339, 'FA', 'Bayam', 36, 3.5, 0.5, 6.5, 267, 67, '4', 6090, 0.08, 80, 71, 100),
(340, 'FA', 'Bayam (DKBM P3G \'90)', 16, 0.9, 0.4, 2.9, 166, 76, '4', 0, 0.04, 41, 71, 100),
(341, 'FA', 'Bayam merah', 51, 4.6, 0.5, 10, 368, 111, '2', 5800, 0.08, 80, 71, 100),
(342, 'FA', 'Bunga pepaya jantan', 45, 2.6, 0.3, 8.1, 290, 113, '4', 0, 0.01, 23.3, 100, 100),
(343, 'FA', 'Caisin', 20, 1.7, 0.4, 3.4, 123, 40, '2', 0, 0.04, 3, 100, 100),
(344, 'FA', 'Caisin (DKBM P3G \'90)', 20, 1.7, 0.4, 3.4, 123, 40, '2', 0, 0.04, 3, 79, 100),
(345, 'FA', 'Daun bawang', 29, 1.8, 0.7, 5.2, 55, 39, '7', 1365, 0.09, 37, 67, 100),
(346, 'FA', 'Daun beluntas', 42, 1.8, 0.5, 9.4, 256, 49, '6', 3980, 0.02, 30, 65, 100),
(347, 'FA', 'Daun gandaria', 60, 3.1, 0.3, 14, 40, 45, '5', 600, 0, 61, 65, 100),
(348, 'FA', 'Daun jambu mete muda', 73, 4.6, 0.5, 16.2, 33, 64, '9', 2689, 0, 65, 65, 100),
(349, 'FA', 'Daun kacang panjang', 34, 4.1, 0.4, 5.8, 134, 145, '6', 5240, 0.28, 29, 65, 100),
(350, 'FA', 'Daun katuk', 59, 4.8, 1, 11, 204, 83, '3', 10370, 0.1, 239, 40, 100),
(351, 'FA', 'Daun kecipir', 47, 5, 0.5, 8.5, 134, 81, '6', 5240, 0.28, 29, 70, 100),
(352, 'FA', 'Daun kedondong', 59, 3.5, 0.3, 13.4, 540, 82, '6', 2900, 0.06, 29, 65, 100),
(353, 'FA', 'Daun kelor', 82, 6.7, 1.7, 14.3, 440, 70, '7', 11300, 0.21, 220, 65, 100),
(354, 'FA', 'Daun kemangi', 43, 5.5, 0.3, 7.5, 35, 106, '1', 1017, 0.06, 30, 65, 100),
(355, 'FA', 'Daun ketela rambat (ubi jalar)', 47, 2.8, 0.4, 10.4, 79, 66, '10', 6015, 0.12, 22, 73, 100),
(356, 'FA', 'Daun koro', 23, 3, 0.3, 3.7, 134, 81, '6', 5240, 0.28, 29, 65, 100),
(357, 'FA', 'Daun labu siam', 60, 4, 0.4, 4.7, 58, 70, '3', 2025, 0.08, 16, 100, 100),
(358, 'FA', 'Daun labu waluh', 30, 3.6, 0.6, 4.5, 138, 99, '4', 2750, 0.14, 36, 70, 100),
(359, 'FA', 'Daun leunca', 45, 4.7, 0.5, 8.1, 210, 80, '6', 1900, 0.14, 40, 70, 100),
(360, 'FA', 'Daun lobak', 30, 2.3, 0.4, 5.8, 140, 33, '4', 1000, 0.07, 109, 70, 100),
(361, 'FA', 'Daun lompong tales', 40, 3, 0.8, 7.4, 76, 59, '1', 2000, 0.08, 31, 75, 100),
(362, 'FA', 'Daun mangkokan', 54, 3.7, 0.3, 11.8, 474, 49, '4', 5450, 0.06, 83, 80, 100),
(363, 'FA', 'Daun melinjo', 99, 5, 1.3, 21.3, 219, 82, '4', 10000, 0.09, 182, 88, 100),
(364, 'FA', 'Daun oyong', 22, 1, 0.1, 5.3, 21, 44, '2', 1000, 0.08, 150, 65, 100),
(365, 'FA', 'Daun pakis', 35, 4, 0.3, 6.4, 42, 172, '1', 2881, 0, 30, 70, 100),
(366, 'FA', 'Daun pepaya', 79, 8, 2, 11.9, 353, 63, '1', 18250, 0.15, 140, 71, 100),
(367, 'FA', 'Daun pete cina', 128, 12, 6.5, 12.4, 1500, 100, '3', 17800, 0.04, 64, 40, 100),
(368, 'FA', 'Daun singkong', 73, 6.8, 1.2, 13, 165, 54, '2', 11000, 0.12, 275, 87, 100),
(369, 'FA', 'Daun singkong jenis ambon', 131, 12.7, 1.2, 25.2, 165, 54, '4', 13000, 0.21, 220, 87, 100),
(370, 'FA', 'Daun tales', 71, 4.1, 2.1, 12.3, 302, 47, '8', 10395, 0.11, 163, 80, 100),
(371, 'FA', 'Daun tespong', 59, 2.9, 0.3, 13.9, 155, 65, '3', 2500, 0.05, 21, 60, 100),
(372, 'FA', 'Eceng', 18, 1, 0.2, 3.8, 80, 45, '4', 1000, 0.08, 50, 70, 100),
(373, 'FA', 'Genjer', 33, 1.7, 0.2, 7.7, 62, 33, '2', 3800, 0.07, 54, 70, 100),
(374, 'FA', 'Kangkung', 29, 3, 0.3, 5.4, 73, 50, '3', 6300, 0.07, 32, 70, 100),
(375, 'FA', 'Kemangi', 46, 4, 0.5, 8.9, 45, 75, '2', 5000, 0.08, 50, 80, 100),
(376, 'FA', 'Krokot', 21, 1.7, 0.4, 3.8, 103, 39, '4', 2550, 0.03, 25, 80, 100),
(377, 'FA', 'Kucai', 45, 2.2, 0.3, 10.3, 52, 50, '1', 40, 0.11, 17, 52, 100),
(378, 'FA', 'Kucai muda (lokio)', 42, 3.8, 0.6, 7.8, 76, 91, '3', 500, 0.11, 39, 100, 100),
(379, 'FA', 'Pe-cai', 23, 1.8, 0.3, 4.5, 179, 39, '7', 3995, 0.08, 75, 82, 100),
(380, 'FA', 'Peterseli', 50, 3.7, 1, 9, 193, 84, '4', 8230, 0.11, 193, 95, 100),
(381, 'FA', 'Prei (daun bawang)', 45, 2.2, 0.3, 10.3, 52, 50, '1', 40, 0.11, 17, 52, 100),
(382, 'FA', 'Seledri', 20, 1, 0.1, 4.6, 50, 40, '1', 130, 0.03, 11, 63, 100),
(383, 'FB', 'Bawang bombay', 45, 1.4, 0.2, 10.3, 32, 44, '1', 50, 0.03, 9, 94, 100),
(384, 'FB', 'Bawang merah', 39, 1.5, 0.3, 0.2, 36, 40, '1', 0, 0.03, 2, 90, 100),
(385, 'FB', 'Bawang putih', 95, 4.5, 0.2, 23.1, 42, 134, '1', 0, 0.22, 15, 88, 100),
(386, 'FB', 'Bit', 42, 1.6, 0.1, 9.6, 27, 43, '1', 20, 0.02, 10, 75, 100),
(387, 'FB', 'Boros kunci', 23, 1, 0.8, 7.2, 50, 50, '2', 5000, 0.08, 50, 80, 100),
(388, 'FB', 'Boros laja', 22, 1, 0.3, 4.7, 50, 50, '2', 5000, 0.08, 50, 80, 100),
(389, 'FB', 'Buncis', 35, 2.4, 0.2, 7.7, 65, 44, '1', 630, 0.08, 19, 90, 100),
(390, 'FB', 'Buncis (DKBM P3G \'90)', 34, 2.4, 0.3, 7.2, 101, 42, '1', 0, 0.05, 11, 90, 100),
(391, 'FB', 'Cabe gembor merah', 38, 1.6, 0.8, 6.3, 49, 41, '1', 0, 0.21, 16.1, 89, 100),
(392, 'FB', 'Cabe hijau besar', 23, 0.7, 0.3, 5.2, 14, 23, '0', 260, 0.05, 84, 82, 100),
(393, 'FB', 'Cabe merah besar ( kering )', 311, 15.9, 6.2, 61.8, 160, 370, '2', 576, 0.4, 50, 85, 100),
(394, 'FB', 'Cabe merah besar ( segar  )', 31, 1, 0.3, 7.3, 29, 24, '1', 470, 0.05, 18, 85, 100),
(395, 'FB', 'Cabe rawit ( segar )', 103, 4.7, 2.4, 19.9, 45, 85, '3', 11050, 0.24, 70, 85, 100),
(396, 'FB', 'Gambas oyong', 18, 0.8, 0.2, 4.1, 19, 33, '1', 380, 0.03, 8, 85, 100),
(397, 'FB', 'Jagung muda, termasuk tongkol', 33, 2.2, 0.1, 7.4, 7, 100, '1', 200, 0.08, 8, 100, 100),
(398, 'FB', 'Jamur kuping kering', 128, 16, 0.9, 64.6, 51, 223, '7', 0, 0.11, 0, 100, 100),
(399, 'FB', 'Jamur kuping segar', 15, 3.8, 0.6, 0.9, 3, 94, '2', 0, 0.1, 5, 100, 100),
(400, 'FB', 'Jantung pisang segar', 31, 1.2, 0.3, 7.1, 30, 50, '0', 170, 0.05, 10, 25, 100),
(401, 'FB', 'Jotang', 32, 1.9, 0.3, 7.1, 162, 41, '4', 3918, 0.03, 20, 70, 100),
(402, 'FB', 'Kacang buncis ( buah )', 35, 2.4, 0.2, 7.7, 65, 44, '1', 630, 0.08, 19, 90, 100),
(403, 'FB', 'Kacang gude ( buah muda )', 123, 8.4, 0.6, 21.8, 66, 174, '2', 195, 0.41, 31, 69, 100),
(404, 'FB', 'Kacang kapri ( biji segar )', 98, 6.7, 0.4, 17.7, 22, 122, '2', 680, 0.34, 26, 45, 100),
(405, 'FB', 'Kacang panjang', 44, 2.7, 0.3, 7.8, 49, 347, '1', 335, 0.13, 21, 75, 100),
(406, 'FB', 'Kapri muda', 42, 3.3, 0.2, 9, 51, 85, '1', 440, 0.2, 49, 80, 100),
(407, 'FB', 'Kecipir ( buah muda )', 35, 2.9, 0.2, 5.8, 63, 37, '0', 595, 0.24, 19, 96, 100),
(408, 'FB', 'Keluwih, kelawi', 111, 1.5, 0.3, 27.2, 28, 32, '1', 20, 0.1, 19, 77, 100),
(409, 'FB', 'Kembang turi', 44, 1.8, 0.6, 9.6, 23, 29, '1', 105, 0.13, 41, 83, 100),
(410, 'FB', 'Ketimun', 12, 0.7, 0.1, 2.7, 10, 21, '0', 0, 0.03, 8, 70, 100),
(411, 'FB', 'Kool kembang', 25, 2.4, 0.2, 4.9, 22, 72, '1', 90, 0.11, 96, 57, 100),
(412, 'FB', 'Kool merah, kool putih', 24, 1.4, 0.2, 5.3, 46, 31, '1', 80, 0.06, 50, 75, 100),
(413, 'FB', 'Koro kerupuk ( buah )', 125, 8.3, 0.7, 22.1, 17, 12, '3', 80, 0.11, 31, 68, 100),
(414, 'FB', 'Koro wedus ( buah muda )', 38, 3, 0.3, 7.9, 56, 47, '1', 870, 0.09, 17, 70, 100),
(415, 'FB', 'Kulit melinjo', 111, 4.5, 1.1, 20.7, 117, 179, '3', 0, 0.07, 7, 100, 100),
(416, 'FB', 'Labu air', 17, 0.6, 0.2, 3.8, 12, 18, '1', 70, 0.04, 10, 80, 100),
(417, 'FB', 'Labu siam', 26, 0.6, 0.1, 6.7, 14, 25, '1', 20, 0.02, 18, 83, 100),
(418, 'FB', 'Labu waluh', 29, 1.1, 0.3, 6.6, 45, 64, '1', 180, 0.08, 52, 77, 100),
(419, 'FB', 'Leunca buah (daun leunca)', 33, 1.9, 0.1, 7.4, 274, 34, '4', 478, 0.1, 17, 95, 100),
(420, 'FB', 'Lobak', 19, 0.9, 0.1, 4.2, 35, 26, '1', 10, 0.03, 32, 87, 100),
(421, 'FB', 'Melinjo', 66, 5, 0.7, 13.3, 163, 75, '3', 1000, 0.1, 100, 60, 100),
(422, 'FB', 'Nangka muda', 51, 2, 0.4, 11.3, 45, 29, '1', 25, 0.07, 9, 80, 100),
(423, 'FB', 'Pare (paria)', 29, 1.1, 0.3, 6.6, 45, 64, '1', 180, 0.08, 52, 77, 100),
(424, 'FB', 'Pepaya muda', 26, 2.1, 0.1, 4.9, 50, 16, '0', 50, 0.02, 19, 76, 100),
(425, 'FB', 'Rebung', 27, 2.6, 0.3, 5.2, 13, 59, '1', 20, 0.15, 4, 65, 100),
(426, 'FB', 'Sawi', 22, 2.3, 0.3, 4, 220, 38, '3', 6460, 0.09, 102, 87, 100),
(427, 'FB', 'Selada', 15, 1.2, 0.2, 2.9, 22, 25, '1', 540, 0.04, 8, 69, 100),
(428, 'FB', 'Selada air', 17, 1.7, 0.3, 3, 182, 27, '3', 2420, 0.08, 50, 69, 100),
(429, 'FB', 'Taoge kacang ijo', 23, 2.9, 0.2, 4.1, 29, 69, '1', 10, 0.07, 15, 100, 100),
(430, 'FB', 'Taoge kacang kedele', 67, 9, 2.6, 6.4, 50, 65, '1', 110, 0.23, 15, 100, 100),
(431, 'FB', 'Taoge kacang tunggak', 35, 5, 0.2, 5.8, 57, 88, '1', 0, 0.07, 15, 90, 100),
(432, 'FB', 'Tebu terubuk', 25, 4.6, 0.4, 3, 40, 80, '2', 0, 0.08, 50, 20, 100),
(433, 'FB', 'Tekokak', 34, 2, 0.1, 7.9, 50, 30, '2', 750, 0.08, 80, 95, 100),
(434, 'FB', 'Tekokak kering', 294, 8.3, 1.7, 72.6, 370, 180, '22', 750, 0.4, 0, 100, 100),
(435, 'FB', 'Terong', 24, 1.1, 0.2, 5.5, 15, 37, '0', 30, 0.04, 5, 87, 100),
(436, 'FB', 'Terong belanda', 48, 1.5, 0.3, 11.3, 13, 24, '1', 0, 0.04, 17, 73, 100),
(437, 'FB', 'Tomat ( sari air tomat )', 15, 1, 0.2, 3.5, 7, 15, '0', 600, 0.05, 10, 100, 100),
(438, 'FB', 'Tomat masak', 20, 1, 0.3, 4.2, 5, 27, '0', 1500, 0.06, 40, 95, 100),
(439, 'FB', 'Tomat muda', 23, 2, 0.7, 2.3, 5, 27, '0', 320, 0.07, 30, 95, 100),
(440, 'FB', 'Wortel', 42, 1.2, 0.3, 9.3, 39, 37, '0', 12000, 0.06, 6, 88, 100),
(441, 'GA', 'Alpokat', 85, 0.9, 6.5, 7.7, 10, 20, '1', 180, 0.05, 13, 61, 100),
(442, 'GA', 'Anggur', 50, 0.5, 0.2, 12.8, 9, 20, '1', 0, 0.1, 4, 100, 100),
(443, 'GA', 'Apel', 58, 0.3, 0.4, 14.9, 6, 10, '0', 90, 0.04, 5, 88, 100),
(444, 'GA', 'Arbei', 37, 0.8, 0.5, 8.3, 28, 27, '1', 60, 0.03, 60, 96, 100),
(445, 'GA', 'Asam masak dipohon', 239, 2.8, 0.6, 62.5, 74, 113, '1', 30, 0.34, 2, 48, 100),
(446, 'GA', 'Belimbing', 36, 0.4, 0.4, 8.8, 4, 12, '1', 170, 0.03, 35, 86, 100),
(447, 'GA', 'Bengkuang', 55, 1.4, 0.2, 12.8, 15, 18, '1', 0, 0.04, 20, 84, 100),
(448, 'GA', 'Buah atung', 23, 0.8, 0.2, 5.2, 30, 50, '5', 0, 0.29, 38, 80, 100),
(449, 'GA', 'Buah mentega ( bisbul )', 39, 0.7, 0.2, 9.7, 43, 17, '1', 55, 0, 33, 50, 100),
(450, 'GA', 'Buah nona', 101, 1.7, 0.6, 25.2, 27, 20, '1', 0, 0.08, 22, 58, 100),
(451, 'GA', 'Cempedak', 116, 3, 0.4, 28.6, 20, 30, '2', 200, 0, 15, 30, 100),
(452, 'GA', 'Duku', 63, 1, 0.2, 16.1, 18, 9, '1', 0, 0.05, 9, 64, 100),
(453, 'GA', 'Durian', 134, 2.5, 3, 28, 7, 44, '1', 175, 0.1, 53, 22, 100),
(454, 'GA', 'Embacang', 98, 1.4, 0.2, 25.4, 21, 15, '0', 1218, 0.03, 56, 65, 100),
(455, 'GA', 'Erbis', 70, 0.6, 0, 18.9, 11, 50, '1', 10, 0, 16, 33, 100),
(456, 'GA', 'Gandaria', 68, 0.7, 0.1, 18, 9, 20, '1', 1020, 0.03, 111, 70, 100),
(457, 'GA', 'Jambu air', 46, 0.6, 0.2, 11.8, 8, 9, '1', 0, 0, 5, 90, 100),
(458, 'GA', 'Jambu biji', 49, 0.9, 0.3, 12.2, 14, 28, '1', 25, 0.02, 87, 82, 100),
(459, 'GA', 'Jambu bol', 56, 0.6, 0.3, 14.2, 29, 16, '1', 130, 0.02, 22, 67, 100),
(460, 'GA', 'Jambu monyet ( buah )', 64, 0.7, 0.6, 15.8, 4, 13, '1', 25, 0.02, 197, 90, 100),
(461, 'GA', 'Jeruk bali', 48, 0.6, 0.2, 12.4, 23, 27, '1', 20, 0.04, 43, 62, 100),
(462, 'GA', 'Jeruk garut (jeruk keprok)', 44, 0.8, 0.3, 10.9, 33, 23, '0', 420, 0.07, 31, 71, 100),
(463, 'GA', 'Jeruk manis', 45, 0.9, 0.2, 11.2, 33, 23, '0', 190, 0.08, 49, 72, 100),
(464, 'GA', 'Jeruk manis (air sari jeruk)', 44, 0.8, 0.2, 11, 19, 16, '0', 190, 0.08, 49, 100, 100),
(465, 'GA', 'Jeruk nipis', 37, 0.8, 0.1, 12.3, 40, 22, '1', 0, 0.04, 27, 76, 100),
(466, 'GA', 'Kedondong masak', 41, 1, 0.1, 10.3, 15, 22, '3', 233, 0.08, 30, 58, 100),
(467, 'GA', 'Kemang', 48, 1, 0.2, 11.9, 10, 24, '0', 6, 0.08, 58, 65, 100),
(468, 'GA', 'Kesemek', 78, 0.8, 0.4, 20, 6, 26, '0', 2710, 0.05, 11, 97, 100),
(469, 'GA', 'Kokosan', 86, 1.6, 0.2, 13, 22, 38, '1', 20, 0.04, 3, 64, 100),
(470, 'GA', 'Langsat', 56, 0.9, 0.2, 14.3, 17, 24, '1', 0, 0.07, 3, 64, 100),
(471, 'GA', 'Mangga gedong', 44, 0.7, 0.2, 11.2, 13, 10, '0', 16400, 0.08, 9, 65, 100),
(472, 'GA', 'Mangga golek', 63, 0.5, 0.2, 16.7, 14, 10, '1', 3715, 0.08, 30, 65, 100),
(473, 'GA', 'Mangga harumanis', 46, 0.4, 0.2, 11.9, 15, 9, '0', 1200, 0.08, 6, 65, 100),
(474, 'GA', 'Mangga indramayu', 72, 0.8, 0.2, 18.7, 13, 10, '2', 2900, 0.06, 16, 65, 100),
(475, 'GA', 'Mangga kopek', 56, 0.4, 0.2, 14.6, 16, 10, '2', 6520, 0.03, 27, 65, 100),
(476, 'GA', 'Mangga muda', 59, 0.5, 0.4, 15.1, 12, 11, '0', 85, 0.06, 65, 73, 100),
(477, 'GA', 'Manggis', 63, 0.6, 0.6, 15.6, 8, 12, '1', 0, 0.03, 2, 29, 100),
(478, 'GA', 'Menteng', 65, 1.7, 0.2, 16.1, 13, 20, '1', 0, 0, 3, 64, 100),
(479, 'GA', 'Nanas', 52, 0.4, 0.2, 13.7, 16, 11, '0', 130, 0.08, 24, 53, 100),
(480, 'GA', 'Nangka masak dipohon', 106, 1.2, 0.3, 27.6, 20, 19, '1', 330, 0.07, 7, 28, 100),
(481, 'GA', 'Pala ( dagingnya )', 42, 0.3, 0.2, 10.9, 32, 24, '2', 29, 0, 22, 30, 100),
(482, 'GA', 'Pepaya', 46, 0.5, 0, 12.2, 23, 12, '2', 365, 0.04, 78, 75, 100),
(483, 'GA', 'Pisang ambon', 99, 1.2, 0.2, 25.8, 8, 28, '1', 146, 0.08, 3, 75, 100),
(484, 'GA', 'Pisang angleng (pis. ampyang)', 68, 1.3, 0.2, 17.2, 10, 26, '1', 76, 0.08, 6, 75, 100),
(485, 'GA', 'Pisang lampung', 99, 1.3, 0.2, 25.6, 10, 19, '1', 618, 0, 4, 75, 100),
(486, 'GA', 'Pisang mas', 127, 1.4, 0.2, 33.6, 7, 25, '1', 79, 0.09, 2, 85, 100),
(487, 'GA', 'Pisang raja', 120, 1.2, 0.2, 31.8, 10, 22, '1', 950, 0.06, 10, 70, 100),
(488, 'GA', 'Pisang raja sereh (pis. susu)', 118, 1.2, 0.2, 31.1, 7, 29, '0', 112, 0, 4, 85, 100),
(489, 'GA', 'Pisang raja uli', 146, 2, 0.2, 38.2, 10, 28, '1', 75, 0.05, 3, 75, 100),
(490, 'GA', 'Rambutan', 69, 0.9, 0.1, 18.1, 16, 16, '1', 0, 0, 58, 40, 100),
(491, 'GA', 'Salak', 77, 0.4, 0, 20.9, 28, 18, '4', 0, 0.04, 2, 50, 100),
(492, 'GA', 'Salak bali', 57, 0.5, 0.1, 13.6, 94, 25, '2', 0, 0, 0.4, 93, 100),
(493, 'GA', 'Salak pondoh', 368, 0.8, 0.4, 90.3, 38, 31, '4', 0, 0, 8.4, 59, 100),
(494, 'GA', 'Sawo', 92, 0.5, 1.1, 22.4, 25, 12, '1', 60, 0.01, 21, 79, 100),
(495, 'GA', 'Sawo duren', 64, 1, 3.1, 8, 18, 45, '1', 0, 0.01, 1, 64, 100),
(496, 'GA', 'Sawo kecik', 111, 0.9, 2.3, 21.6, 20, 185, '1', 0, 0, 19, 83, 100),
(497, 'GA', 'Semangka', 28, 0.5, 0.2, 6.9, 7, 12, '0', 590, 0.05, 6, 46, 100),
(498, 'GA', 'Sirsak', 65, 1, 0.3, 16.3, 14, 27, '1', 10, 0.07, 20, 68, 100),
(499, 'GA', 'Srikaya', 101, 1.7, 0.6, 25.2, 27, 20, '1', 0, 0.08, 22, 58, 100),
(500, 'GA', 'Srikaya (DKBM P3G \'90)', 63, 1.1, 0.5, 13.9, 127, 30, '3', 0, 0.08, 28.3, 48, 100),
(501, 'GA', 'Sukun muda', 119, 1.4, 0.2, 28.1, 24, 44, '1', 0, 0.17, 52, 100, 100),
(502, 'GA', 'Sukun muda (DKBM P3G \'90)', 119, 1.4, 0.2, 28.1, 24, 44, '1', 0, 0.17, 51.8, 84, 100),
(503, 'GA', 'Sukun tua', 126, 1.6, 0.2, 24.5, 37, 47, '2', 0, 0.18, 58, 100, 100),
(504, 'GA', 'Sukun tua (DKBM P3G \'90)', 129, 1.6, 0.2, 24.5, 27, 47, '2', 0, 0.18, 54.4, 88, 100),
(505, 'GA', 'Tempoyak', 142, 2.7, 4.6, 22.7, 190, 45, '3', 0, 0.16, 1, 100, 100),
(506, 'GA', 'Wuni', 74, 0.8, 0.3, 17.1, 66, 28, '1', 0, 0.08, 80, 77, 100),
(507, 'HA', 'Es krim', 207, 4, 12.5, 20.6, 123, 99, '0', 520, 0.04, 1, 100, 100),
(508, 'HA', 'Keju', 326, 22.8, 20.3, 13.1, 777, 338, '2', 750, 0.01, 1, 100, 100),
(509, 'HA', 'Kepala susu (krim)', 204, 2.6, 20, 4, 97, 77, '0', 830, 0.03, 1, 100, 100),
(510, 'HA', 'Mentega', 725, 0.5, 81.6, 1.4, 15, 16, '1', 3300, 0, 0, 100, 100),
(511, 'HA', 'Susu kambing', 64, 4.3, 2.3, 6.6, 98, 78, '3', 125, 0.06, 1, 100, 100),
(512, 'HA', 'Susu kental manis', 336, 8.2, 10, 55, 275, 209, '0', 510, 0.05, 1, 100, 100),
(513, 'HA', 'Susu kental tak manis', 138, 7, 7.9, 9.9, 243, 195, '0', 400, 0.05, 1, 100, 100),
(514, 'HA', 'Susu kerbau', 160, 6.3, 12, 7.1, 216, 101, '0', 80, 0.04, 1, 100, 100),
(515, 'HA', 'Susu sapi', 61, 3.2, 3.5, 4.3, 143, 60, '2', 130, 0.03, 1, 100, 100),
(516, 'HA', 'Susu skim (susu tak berlemak)', 36, 3.5, 0.1, 5.1, 123, 97, '0', 0, 0.04, 1, 100, 100),
(517, 'HA', 'Tepung susu', 509, 24.6, 30, 36.2, 904, 694, '1', 1570, 0.29, 6, 100, 100),
(518, 'HA', 'Tepung susu asam untuk bayi', 418, 19, 9, 65.5, 800, 600, '7', 1000, 1, 30, 100, 100),
(519, 'HA', 'Tepung susu skim', 362, 35.6, 1, 52, 1300, 1030, '1', 0, 0.35, 7, 100, 100),
(520, 'HA', 'Yoghurt', 52, 3.3, 2.5, 4, 120, 90, '0', 73, 0.04, 0, 100, 100),
(521, 'IA', 'Lemak babi', 902, 0, 0, 0, 0, 0, '0', 0, 0, 0, 100, 100),
(522, 'IA', 'Lemak kerbau (lemak sapi)', 818, 1.5, 90, 0, 0, 0, '0', 0, 0, 0, 100, 100),
(523, 'IA', 'Margarin', 720, 0.6, 81, 0.4, 20, 16, '0', 2000, 0, 0, 100, 100),
(524, 'IA', 'Minyak hati hiu (eulamia)', 902, 0, 0, 0, 0, 0, '0', 70000, 0, 0, 100, 100),
(525, 'IA', 'Minyak ikan', 902, 0, 0, 0, 0, 0, '0', 80000, 0, 0, 100, 100),
(526, 'IA', 'Minyak kacang tanah', 902, 0, 0, 0, 0, 0, '0', 0, 0, 0, 100, 100),
(527, 'IA', 'Minyak kelapa', 870, 1, 98, 0, 3, 0, '0', 0, 0, 0, 100, 100),
(528, 'IA', 'Minyak kelapa sawit', 902, 0, 0, 0, 0, 0, '0', 60000, 0, 0, 100, 100),
(529, 'IA', 'Minyak wijen', 902, 0, 0, 0, 0, 0, '0', 0, 0, 0, 100, 100),
(530, 'JA', 'Bier (4% alkohol)', 48, 0.6, 0, 4.4, 4, 26, '0', 0, 0, 0, 100, 100),
(531, 'JA', 'Coklat manis ( batang )', 472, 2, 29.8, 62.7, 63, 287, '3', 30, 0.03, 0, 100, 100),
(532, 'JA', 'Coklat pahit ( batang )', 504, 5.5, 52.9, 29.2, 98, 446, '4', 60, 0.05, 0, 100, 100),
(533, 'JA', 'Coklat susu  ( batang )', 381, 9, 35, 53.6, 200, 200, '2', 30, 0.08, 0, 100, 100),
(534, 'JA', 'Dodol', 395, 3, 5.7, 81.2, 12, 80, '2', 0, 0, 0, 100, 100),
(535, 'JA', 'Gelatin', 389, 91, 0, 0, 0, 20, '1', 0, 0, 0, 100, 100),
(536, 'JA', 'Gula aren', 368, 0, 0, 95, 75, 35, '3', 0, 0, 0, 100, 100),
(537, 'JA', 'Gula kelapa', 386, 3, 10, 76, 76, 37, '3', 0, 0, 0, 100, 100),
(538, 'JA', 'Gula merah tebu, belum murni', 356, 0.4, 0.5, 90.6, 51, 44, '4', 0, 0.02, 0, 100, 100),
(539, 'JA', 'Gula pasir', 364, 0, 0, 94, 5, 1, '0', 0, 0, 0, 100, 100),
(540, 'JA', 'Jam sele', 239, 0.5, 0.6, 64.5, 20, 20, '1', 0, 0.01, 0, 100, 100),
(541, 'JA', 'Kopi, bagian yang dapat larut', 352, 17.4, 1.3, 69, 296, 368, '4', 0, 0, 0, 100, 100),
(542, 'JA', 'Lemon squash', 36, 0, 0, 10, 0, 0, '0', 0, 0, 20, 100, 100),
(543, 'JA', 'Limun', 30, 0, 0, 8, 0, 0, '0', 0, 0, 0, 100, 100),
(544, 'JA', 'Madu', 294, 0.3, 0, 79.5, 5, 16, '1', 0, 0, 4, 100, 100),
(545, 'JA', 'Melasse', 276, 0, 0.1, 71, 470, 93, '30', 0, 0.04, 0, 100, 100),
(546, 'JA', 'Serbuk coklat', 298, 8, 23.8, 48.9, 125, 715, '12', 30, 0.12, 0, 100, 100),
(547, 'JA', 'Setrup, sirup', 213, 0, 0, 55, 0, 0, '0', 0, 0, 0, 100, 100),
(548, 'JA', 'Teh', 132, 19.5, 0.7, 67.8, 717, 265, '12', 2095, 0.01, 0, 100, 100),
(549, 'JB', 'Aci aren', 355, 0.6, 1.1, 85.6, 91, 167, '2', 0, 0.04, 0, 100, 100),
(550, 'JB', 'Agar laut (DKBM P3G \'90)', 21, 0.1, 0.1, 4.8, 133, 6, '5', 0, 0.03, 0, 100, 100),
(551, 'JB', 'Agar-agar', 0, 0, 0.2, 0, 400, 125, '5', 0, 0, 0, 100, 100),
(552, 'JB', 'Alur', 24, 1.8, 0.3, 4.8, 164, 95, '3', 0, 0.03, 2, 90, 100),
(553, 'JB', 'Bonggol pisang', 43, 0.6, 0, 11.6, 15, 60, '1', 0, 0.01, 12, 100, 100),
(554, 'JB', 'Bonggol pisang kering', 245, 3.4, 0, 66.2, 60, 150, '2', 0, 0.04, 4, 100, 100),
(555, 'JB', 'Bulung', 333, 8.2, 0.1, 64.7, 939, 202, '49', 0, 0.04, 0, 100, 100),
(556, 'JB', 'Bulung jajar (agar jajal)', 212, 16.9, 0.2, 47.6, 3033, 40, '20', 0, 0, 8, 100, 100),
(557, 'JB', 'Bulung sangu', 237, 14.7, 0.2, 56, 3774, 56, '20', 0, 0, 5, 100, 100),
(558, 'JB', 'Cengkeh kering', 292, 5.2, 8.9, 57.4, 740, 100, '5', 0, 0, 0, 100, 100),
(559, 'JB', 'Cuka', 12, 0.1, 0.1, 5, 7, 10, '0', 0, 0, 0, 100, 100),
(560, 'JB', 'Daun cincau', 122, 6, 1, 26, 100, 100, '3', 10750, 80, 17, 40, 100),
(561, 'JB', 'Donge-donge', 16, 0.5, 0.2, 3.6, 164, 211, '3', 0, 0.01, 1.4, 95, 100),
(562, 'JB', 'Jahe', 51, 1.5, 1, 10.1, 21, 39, '2', 30, 0.02, 4, 97, 100),
(563, 'JB', 'Kecap', 46, 5.7, 1.3, 9, 123, 96, '6', 0, 0, 0, 100, 100),
(564, 'JB', 'Kelangis', 230, 5.7, 20.6, 5.5, 260, 149, '8', 0, 0.05, 0, 100, 100),
(565, 'JB', 'Kunyit', 63, 2, 2.7, 9.1, 24, 78, '3', 0, 0.03, 1, 78, 100),
(566, 'JB', 'Lawi-lawi', 18, 0.5, 0.9, 2.6, 307, 307, '10', 0, 0, 1.3, 100, 100),
(567, 'JB', 'Lidah buaya', 4, 0.1, 0.2, 0.4, 85, 186, '1', 0, 0.01, 0, 73, 100),
(568, 'JB', 'Merica', 359, 11.5, 6.8, 64.4, 460, 200, '17', 0, 0.2, 0, 100, 100),
(569, 'JB', 'Ragi', 136, 43, 2.4, 3, 140, 1900, '20', 0, 0, 0, 100, 100),
(570, 'JB', 'Saos tomat', 98, 2, 0.4, 24.5, 12, 18, '1', 1880, 0.09, 11, 100, 100),
(571, 'PA', 'Bacang', 72, 2.3, 1.9, 11.4, 0.01, 0, '2', 0, 0, 0, 100, 70),
(572, 'PA', 'Bihun goreng', 308, 5.9, 8.9, 51, 0.06, 0, '0', 0, 0, 0, 100, 200),
(573, 'PA', 'Bubur', 6, 0.1, 0, 1.3, 0.2, 0, '0', 0, 0.04, 0, 100, 10),
(574, 'PA', 'Bubur beras (Menu Pgln)', 70, 1.8, 0, 0, 5, 0, '1', 0, 0.02, 0, 100, 100),
(575, 'PA', 'Bubur kentang (Menu Pgln)', 76, 1.3, 0, 0, 2.5, 0, '1', 0, 0.02, 3, 100, 100),
(576, 'PA', 'Bubur tepung (Menu Pgln)', 363, 0.5, 0, 0, 0.9, 0, '0', 0, 0.02, 0, 100, 100),
(577, 'PA', 'Bubur wortel (Menu Pgln)', 73, 1.4, 0, 0, 5.1, 0, '2', 1277, 0, 0.6, 100, 100),
(578, 'PA', 'Buntil', 106, 4.4, 6.3, 7.9, 225, 0, '16', 213, 0.04, 110, 100, 100),
(579, 'PA', 'Buras', 88, 2.3, 1.3, 16.7, 0.02, 0, '4', 0, 0, 0, 100, 70),
(580, 'PA', 'Cassava stick', 460, 0.8, 18.7, 17.2, 144, 6, '8', 0, 0.19, 0, 100, 100),
(581, 'PA', 'Cemplon', 94, 0.5, 5.28, 12.61, 8, 12, '0', 0, 0.01, 7, 100, 100),
(582, 'PA', 'Ceriping getuk singkong', 462, 1.2, 20.7, 67.7, 1248, 127, '9', 0, 0.29, 0, 100, 100),
(583, 'PA', 'Chilmil', 472, 18, 20, 55, 600, 0, '6', 1200, 0, 0, 100, 100),
(584, 'PA', 'Combro', 105, 0.8, 3.3, 17.9, 3.21, 0, '1', 0, 0, 0, 100, 50),
(585, 'PA', 'Deblo', 52, 0.4, 3, 10.6, 11.3, 0, '0', 14, 0.2, 5, 100, 20),
(586, 'PA', 'Dodongkal', 7, 1.3, 0.9, 15.8, 0.01, 0, '0', 0, 0, 0, 100, 40),
(587, 'PA', 'Gadung kukus', 88, 0.6, 0.3, 20.9, 26, 74, '0', 0, 0.03, 0, 100, 100),
(588, 'PA', 'Ganyong rebus', 100, 0.8, 0.2, 23.8, 15, 65, '1', 0, 0.04, 6, 100, 100),
(589, 'PA', 'Gemblong', 115, 1.7, 2.6, 21.1, 0.06, 0, '0', 0, 0, 0, 100, 40),
(590, 'PA', 'Gemblong (DKBM P3G \'90)', 274, 1.7, 5.4, 55.5, 69, 55, '3', 0, 0, 0, 100, 100),
(591, 'PA', 'Gendar goreng', 407, 6.4, 28.2, 32, 216, 62, '2', 0, 0.16, 0, 100, 100),
(592, 'PA', 'Geplak', 350, 1.4, 14.4, 53.6, 0, 0, '0', 0, 0, 0, 100, 100),
(593, 'PA', 'Getuk goreng sukaraja', 360, 1.3, 6.4, 74.3, 59, 81, '3', 0, 0.21, 0, 100, 100);
INSERT INTO `dkbm` (`id`, `foodgroup`, `foodname`, `energy`, `protein`, `fats`, `carbhdrt`, `calcium`, `phosphor`, `iron`, `vit_a`, `vit_b1`, `vit_c`, `f_edible`, `f_weight`) VALUES
(594, 'PA', 'Getuk lindri', 60, 0.6, 1.4, 11.2, 0.01, 0, '0', 0, 0, 0, 100, 35),
(595, 'PA', 'Getuk singkong', 204, 0.5, 1.4, 47.4, 97, 52, '2', 0, 0.08, 0, 100, 100),
(596, 'PA', 'Gudangan (urapan)', 84, 2.76, 3.42, 12.06, 102, 140, '2', 1923, 0.06, 31, 100, 100),
(597, 'PA', 'Hunkwe (Menu Pgln)', 226, 2, 0, 0, 25.9, 0, '0', 0, 0, 1.5, 100, 100),
(598, 'PA', 'Intip goreng', 474, 7.6, 21.6, 62.3, 323, 46, '3', 0, 0.25, 0, 100, 100),
(599, 'PA', 'Intip goreng/kerak nasi', 474, 7.6, 21.6, 62.3, 323, 64, '3', 0, 0.25, 0, 100, 100),
(600, 'PA', 'Jagung gronto metro', 135, 2.2, 1.1, 28.9, 71, 87, '1', 0, 0.03, 0, 100, 100),
(601, 'PA', 'Jagung grontol harapan', 156, 2.7, 1.3, 33.3, 51, 105, '1', 0, 0.08, 0, 100, 100),
(602, 'PA', 'Jagung kering dengan kulit', 355, 9.2, 3.9, 73.7, 10, 256, '2', 510, 0.38, 0, 30, 100),
(603, 'PA', 'Jagung rebus', 105, 2.6, 1.1, 21.1, 2.9, 0, '1', 51, 0.68, 0, 100, 60),
(604, 'PA', 'Japilus', 500, 1.2, 25.1, 67.3, 18.6, 29, '5', 0, 0, 0, 100, 100),
(605, 'PA', 'Jenang', 220, 2.6, 5.7, 39.5, 0.04, 0, '0', 0, 0, 0, 100, 60),
(606, 'PA', 'Karoket', 73, 1.2, 2.8, 0.7, 0.01, 0, '1', 0, 0, 0, 100, 25),
(607, 'PA', 'Kecimpring singkong', 464, 1.2, 18.6, 73, 82, 52, '3', 0, 0.34, 0, 100, 100),
(608, 'PA', 'Kecimpring sinkong goreng', 262, 1.2, 18.6, 73, 82, 52, '3', 0, 0.34, 0, 100, 100),
(609, 'PA', 'Kelepon', 107, 0.6, 2.7, 20.1, 0.01, 0, '0', 0, 0, 0, 100, 50),
(610, 'PA', 'Kemplang goreng', 504, 5.6, 28.1, 57.1, 50, 94, '3', 19, 0.31, 0, 100, 100),
(611, 'PA', 'Kemplang panggang', 356, 9.7, 1.1, 76.9, 62, 129, '3', 23, 0.36, 0, 100, 100),
(612, 'PA', 'Keremes', 475, 1.6, 25.2, 64.4, 153, 88, '1', 0, 0, 0, 100, 100),
(613, 'PA', 'Keripik gadung', 446, 2.8, 14.5, 76, 147, 52, '2', 0, 0.95, 0, 100, 100),
(614, 'PA', 'Keripik singkong', 478, 0.9, 20.7, 72, 189, 101, '2', 0, 0.24, 0, 100, 100),
(615, 'PA', 'Keripik singkong berbumbu', 481, 2.2, 19.7, 73.6, 156, 103, '2', 0, 0.31, 0, 100, 100),
(616, 'PA', 'Kerupuk sayong', 7, 0.2, 2.6, 12.2, 12, 0, '0', 0, 0.01, 0, 100, 15),
(617, 'PA', 'Ketapang', 34, 0.7, 1.1, 5.4, 1.4, 0, '0', 0, 0.07, 0, 100, 10),
(618, 'PA', 'Ketela kukus', 153, 1.2, 0.3, 36.4, 56, 22, '0', 0, 0, 20, 100, 100),
(619, 'PA', 'Ketela tapai', 169, 1.4, 0.3, 40.2, 21, 34, '1', 0, 0, 0, 100, 100),
(620, 'PA', 'Ketupat ketan', 212, 4, 4.6, 38.6, 8, 46, '1', 0, 0.07, 0, 100, 100),
(621, 'PA', 'Ketupat tahu', 274, 7.4, 6.5, 46.6, 0.18, 0, '1', 0, 0, 0, 100, 250),
(622, 'PA', 'Komba kukus', 71, 2.3, 0.3, 15.4, 29, 26, '1', 0, 0.06, 21, 100, 100),
(623, 'PA', 'Kue Kutu mayang', 100, 0.5, 1.2, 21.9, 0.01, 0, '0', 0, 0, 0, 100, 50),
(624, 'PA', 'Kue apem', 84, 1.5, 0.7, 17.8, 0.01, 0, '0', 0, 0, 0, 100, 45),
(625, 'PA', 'Kue bugis', 24, 0.3, 0.1, 5.4, 1.15, 0, '0', 0, 0, 0, 100, 10),
(626, 'PA', 'Kue koya', 366, 4.2, 4.3, 7.9, 153, 0, '7', 0, 0, 0, 100, 100),
(627, 'PA', 'Kue mangkok', 91, 1.5, 0.5, 20.2, 0.01, 0, '0', 0, 0, 0, 100, 50),
(628, 'PA', 'Kue pacar cina', 38, 0.7, 0.2, 17.2, 9.3, 0, '0', 0, 0, 0, 100, 30),
(629, 'PA', 'Kue pia', 148, 2.3, 0.7, 33.2, 0.03, 0, '1', 0, 0, 0, 100, 50),
(630, 'PA', 'Kue satu', 59, 1.9, 0.4, 11.9, 0.04, 0, '1', 0, 0, 0, 100, 15),
(631, 'PA', 'Kue semprong', 38, 0.1, 0.1, 9.2, 0.01, 0, '0', 0, 0, 0, 100, 10),
(632, 'PA', 'Kue talam', 18, 0.1, 0.5, 3.2, 0.01, 0, '1', 0, 0, 0, 100, 10),
(633, 'PA', 'Kue tambang', 128, 2.2, 6.5, 15.1, 0.01, 0, '0', 0, 0, 0, 100, 25),
(634, 'PA', 'Laksa', 499, 8.2, 11.6, 88.4, 0.15, 0, '5', 22, 0, 0, 100, 300),
(635, 'PA', 'Lemper', 177, 3, 2.9, 34.7, 0.01, 0, '0', 0, 0, 0, 100, 80),
(636, 'PA', 'Lenting getuk', 422, 0.9, 10.8, 80.4, 206, 104, '4', 0, 0.43, 0, 100, 100),
(637, 'PA', 'Leupeut ketan', 96, 3.1, 0.2, 20.5, 8.2, 0, '1', 2, 0.96, 0, 100, 40),
(638, 'PA', 'Lopis', 98, 1.7, 1.3, 19.8, 0.01, 0, '0', 0, 0, 0, 100, 60),
(639, 'PA', 'Lumpia', 133, 3.43, 0.47, 28.14, 8, 44, '0', 1, 0.04, 1, 100, 100),
(640, 'PA', 'Martabak', 199, 3.5, 4.1, 37, 0.02, 0, '1', 121, 0, 0, 100, 75),
(641, 'PA', 'Martabak telur', 200, 8.9, 5.1, 29.5, 0.06, 0, '2', 160, 0, 0, 100, 100),
(642, 'PA', 'Mi kuning goreng', 476, 0.1, 21.1, 71.3, 57, 36, '5', 0, 0.22, 0, 100, 100),
(643, 'PA', 'Mie +telur (Menu Pgln)', 178, 5, 0, 0, 47.1, 0, '3', 289, 0.04, 0, 100, 100),
(644, 'PA', 'Mie ayam', 360, 5.9, 16.15, 49.87, 100, 90, '4', 1551, 0.03, 22, 100, 100),
(645, 'PA', 'Mie goreng', 117, 1.9, 5.1, 15.6, 5.6, 0, '0', 34, 0.04, 0, 100, 25),
(646, 'PA', 'Mie goreng (mie kering noodle)', 185, 5.5, 5.3, 23.9, 0, 0, '0', 0, 0, 0, 100, 100),
(647, 'PA', 'Mie laksa basah', 155, 0.2, 0.1, 38.2, 0, 0, '0', 0, 0, 0, 100, 100),
(648, 'PA', 'Mie laksa kering', 347, 8, 0.2, 78.2, 0, 0, '0', 0, 0, 0, 100, 100),
(649, 'PA', 'Mie sua', 320, 9.1, 0.2, 70.4, 0, 0, '0', 0, 0, 0, 100, 100),
(650, 'PA', 'Misro', 109, 0.4, 2, 25.1, 0.03, 0, '0', 0, 0, 0, 100, 50),
(651, 'PA', 'Nasi (Menu Pgln)', 176, 3.3, 0, 0, 4.9, 0, '0', 0, 0, 0, 100, 100),
(652, 'PA', 'Nasi Beras giling masak', 178, 2.1, 0.1, 40.6, 5, 22, '1', 0, 0.02, 0, 100, 100),
(653, 'PA', 'Nasi beras giling pelita I/1', 180, 3, 0.3, 39.8, 25, 27, '0', 0, 0.05, 0, 100, 100),
(654, 'PA', 'Nasi beras giling pelita II/1', 158, 4, 0.5, 33.2, 28, 50, '1', 0, 0.07, 0, 100, 100),
(655, 'PA', 'Nasi beras tumbuk pelita I/1', 166, 4.2, 0.5, 35, 32, 75, '0', 0, 0.08, 0, 100, 100),
(656, 'PA', 'Nasi beras tumbuk pelita II/1', 144, 3.6, 0.4, 30.6, 21, 45, '1', 0, 0.1, 0, 100, 100),
(657, 'PA', 'Nasi goreng', 138, 1.6, 1.6, 15.1, 2.4, 0, '0', 0, 0.43, 0, 100, 50),
(658, 'PA', 'Nasi goreng+telur (Menu Pgln)', 198, 6.4, 0, 0, 21, 0, '1', 297, 0.03, 0, 100, 100),
(659, 'PA', 'Nasi tim (Menu Pgln)', 120, 2.3, 0, 0, 3.3, 0, '0', 0, 0, 0, 100, 100),
(660, 'PA', 'Nasi uduk', 152, 2.6, 2.6, 7, 0.02, 0, '0', 0, 0, 0, 100, 60),
(661, 'PA', 'Onde-onde', 101, 2.9, 3.1, 15.5, 0.02, 0, '2', 0, 0, 0, 100, 35),
(662, 'PA', 'Ongol-ongol', 23, 0.3, 1.2, 2.8, 0.01, 0, '0', 0, 0, 0, 100, 20),
(663, 'PA', 'Ongol-ongol sagu', 111, 0.3, 2.7, 21.2, 79, 15, '2', 0, 0.06, 0, 100, 100),
(664, 'PA', 'Opak singkong', 47, 1.8, 2.1, 5.2, 30, 0, '1', 0, 0.09, 0, 100, 5),
(665, 'PA', 'Papais', 107, 2.4, 1.3, 21.6, 0.01, 0, '0', 0, 0, 0, 100, 80),
(666, 'PA', 'Pastel', 208, 5.2, 15.4, 31.4, 0.02, 0, '0', 0, 0, 0, 100, 90),
(667, 'PA', 'Perkedel kentang', 439, 15.77, 7.13, 79.62, 76, 337, '4', 526, 0.5, 70, 100, 100),
(668, 'PA', 'Pilus', 257, 0.5, 13.9, 32.5, 0.32, 0, '1', 0, 0, 0, 100, 50),
(669, 'PA', 'Putu', 21, 0.3, 0.6, 3.7, 0.01, 0, '0', 0, 0, 0, 100, 10),
(670, 'PA', 'Rarawuan', 118, 2.9, 3.4, 19, 0.42, 0, '0', 0, 0, 0, 100, 40),
(671, 'PA', 'Risoles', 134, 2.1, 1.4, 28.2, 2.7, 0, '1', 0, 0, 0, 100, 40),
(672, 'PA', 'Roti gambang', 70, 1.5, 0.4, 15.1, 4.7, 0, '0', 0, 0, 0, 100, 20),
(673, 'PA', 'Roti isi coklat', 215, 5.29, 1.9, 44.95, 15, 94, '1', 2, 0.06, 0, 100, 100),
(674, 'PA', 'Roti isi kacang', 217, 6, 0.23, 45.65, 15, 74, '1', 8, 0.09, 0, 100, 100),
(675, 'PA', 'Roti isi kelapa (manis)', 518, 13.7, 30, 48.4, 0, 0, '0', 0, 0, 0, 100, 100),
(676, 'PA', 'Roti kukus', 249, 5.1, 2.1, 52.5, 0, 0, '0', 0, 0, 0, 100, 100),
(677, 'PA', 'Sagu ambon', 338, 0.6, 0.3, 83.1, 16, 0, '11', 0, 0, 0, 100, 100),
(678, 'PA', 'Serabi', 245, 6, 5, 43.9, 22, 20, '3', 0, 0, 0, 100, 100),
(679, 'PA', 'Singkong goreng', 57, 0.2, 3.6, 5.6, 0.7, 0, '0', 0, 0.1, 2, 100, 20),
(680, 'PA', 'Siomay', 162, 7.5, 3.8, 24.4, 3.56, 0, '2', 0, 0, 0, 100, 170),
(681, 'PA', 'Soun', 351, 11.3, 0, 76.5, 0, 0, '0', 0, 0, 0, 100, 100),
(682, 'PA', 'Sriping talas kebumen', 478, 2.5, 21.2, 69.2, 112, 118, '2', 0, 0.25, 0, 100, 100),
(683, 'PA', 'Supermi (Menu Pgln)', 113, 0.6, 0, 0, 13.8, 0, '1', 0, 0, 0, 100, 100),
(684, 'PA', 'Supermi+telor (Menu Pgln)', 166, 6.8, 0, 0, 34, 0, '2', 289, 0.03, 0, 100, 100),
(685, 'PA', 'Suweg kukus', 93, 1.5, 0.1, 21.9, 50, 58, '1', 0, 0.09, 0, 100, 100),
(686, 'PA', 'Talas kukus', 120, 1.5, 0.3, 28.2, 31, 63, '1', 0, 0.05, 2, 100, 100),
(687, 'PA', 'Tapai beras ketan hitam', 166, 3.8, 1, 34.4, 8, 106, '2', 0, 0.02, 0, 100, 100),
(688, 'PA', 'Tapai beras ketan putih', 172, 3, 0.5, 37.5, 6, 35, '1', 0, 0.04, 0, 100, 100),
(689, 'PA', 'Ubi jalar goreng', 48, 1.1, 0.4, 16.6, 12, 0, '0', 1752, 0.32, 2, 100, 30),
(690, 'PA', 'Ubi jalar kukus', 100, 0.7, 0.3, 23.8, 44, 46, '0', 0, 0, 16, 100, 100),
(691, 'PA', 'Ubi jalar rebus', 74, 0.9, 6.2, 16.6, 18, 0, '0', 2328, 0.41, 6, 100, 65),
(692, 'PA', 'Ubi jalar sayur', 110, 0.8, 0.2, 13.5, 5.1, 0, '0', 582, 0.11, 3, 100, 60),
(693, 'PA', 'Ubi kemayung kukus', 165, 0.9, 0.2, 39.8, 20, 23, '1', 0, 0.02, 0, 85, 100),
(694, 'PB', 'Ampas tahu kukus', 75, 4.1, 2.1, 10.7, 203, 60, '1', 0, 0.07, 82.5, 100, 100),
(695, 'PB', 'Biji jambu mete goreng', 629, 21.5, 56.6, 19.8, 502, 493, '8', 0, 0.18, 0, 100, 100),
(696, 'PB', 'Botok lamtoro', 186, 11.7, 9.7, 13, 0, 0, '0', 0, 0, 0, 100, 100),
(697, 'PB', 'Bubur kacang ijo', 106, 3.9, 3.6, 14.6, 0, 0, '0', 0, 0, 0, 100, 100),
(698, 'PB', 'Bubur kacang ijo (Menu Pgln)', 204, 5.9, 0, 0, 95.8, 0, '2', 34, 0.14, 2.4, 100, 100),
(699, 'PB', 'Emping goreng asin', 431, 11.1, 16.2, 63, 77, 0, '0', 0, 0.08, 0, 100, 100),
(700, 'PB', 'Emping goreng manis', 439, 10, 16.4, 65.7, 66, 225, '0', 0, 0.1, 0, 100, 100),
(701, 'PB', 'Emping goreng tipis', 485, 11.5, 24.5, 59.1, 85, 218, '0', 0, 0.11, 0, 100, 100),
(702, 'PB', 'Goreng oncom', 109, 2.2, 5.8, 12.1, 0.01, 0, '4', 0, 0, 0, 100, 30),
(703, 'PB', 'Kacang atom', 533, 27.8, 38.1, 28.8, 87, 423, '3', 0, 0.06, 0, 100, 100),
(704, 'PB', 'Kacang babi bogor goreng', 479, 12.7, 23.2, 58.9, 135, 184, '3', 0, 0, 0, 100, 100),
(705, 'PB', 'Kacang babi bogor rebus', 161, 7.7, 2.8, 27.1, 56, 134, '1', 0, 0, 0, 35, 100),
(706, 'PB', 'Kacang babi kecipir rebus', 204, 16.9, 8.8, 17.5, 230, 180, '3', 0, 0.02, 0, 100, 100),
(707, 'PB', 'Kacang gude rebus', 147, 9, 0.5, 27.5, 50, 175, '2', 0, 0.1, 0, 100, 100),
(708, 'PB', 'Kacang hijau rebus', 109, 8.7, 0.5, 18.3, 95, 149, '2', 0, 0.12, 33, 100, 100),
(709, 'PB', 'Kacang kapri goreng', 89, 3.8, 2.2, 13.1, 0.01, 0, '0', 0, 0, 0, 100, 20),
(710, 'PB', 'Kacang kedelai goreng', 521, 32.2, 37.7, 22.9, 296, 800, '7', 0, 0.4, 0, 100, 100),
(711, 'PB', 'Kacang kedelai rebus', 189, 20.2, 8.2, 12.7, 91, 270, '4', 0, 0.2, 0, 100, 100),
(712, 'PB', 'Kacang kulit', 628, 30.7, 50.5, 12.7, 0, 0, '0', 0, 0, 0, 100, 100),
(713, 'PB', 'Kacang merah kering rebus', 158, 10.3, 0.9, 28.2, 160, 149, '4', 0, 0.2, 0, 971, 100),
(714, 'PB', 'Kacang merah segar rebus', 144, 10, 1, 24.7, 144, 150, '3', 0, 0.1, 0, 100, 100),
(715, 'PB', 'Kacang sari', 561, 25.5, 43.8, 26, 50, 324, '3', 0, 0.08, 0, 100, 100),
(716, 'PB', 'Kacang sukro (DKBM P3G \'90)', 484, 8.8, 26.1, 57.7, 49, 194, '2', 0, 0.06, 0, 100, 100),
(717, 'PB', 'Kacang sukro putih', 122, 1.3, 6.4, 14.9, 0.01, 0, '0', 0, 0, 0, 100, 25),
(718, 'PB', 'Kacang tanah goreng', 564, 25.5, 44.4, 25.5, 106, 390, '4', 0, 0.4, 0, 100, 100),
(719, 'PB', 'Kacang tanah rebus', 77, 2.8, 6.2, 2.6, 8.4, 0, '0', 0, 0, 1, 100, 20),
(720, 'PB', 'Kacang tanah rebus', 220, 10.6, 18, 8, 89, 273, '2', 0, 0.1, 0, 100, 100),
(721, 'PB', 'Kacang tanah sangan', 560, 29.5, 43, 24.1, 107, 366, '4', 0, 0.31, 0, 100, 100),
(722, 'PB', 'Kacang telur', 187, 2.5, 5.2, 31.2, 0.02, 0, '0', 0, 0, 0, 100, 25),
(723, 'PB', 'Kacang tolo rebus', 138, 10.7, 1.1, 22.6, 165, 172, '4', 0, 0.01, 0, 100, 100),
(724, 'PB', 'Kembang tahu rebus', 90, 10.7, 4, 4.7, 85, 0, '0', 0, 0, 0, 100, 100),
(725, 'PB', 'Kripik abadi besar', 556, 15.8, 37.1, 39.8, 112, 215, '5', 0, 0.63, 0, 100, 100),
(726, 'PB', 'Kripik murni', 542, 40.3, 42.4, 11.6, 175, 529, '5', 0, 0.1, 0, 100, 100),
(727, 'PB', 'Kripik murni', 540, 16.7, 33.9, 42, 92, 184, '3', 0, 0.38, 0, 100, 100),
(728, 'PB', 'Kripik oncom', 598, 8.3, 43.8, 42.6, 85, 153, '27', 0, 1.13, 0, 100, 100),
(729, 'PB', 'Kripik sedang', 510, 12.3, 27.9, 52.4, 122, 211, '8', 0, 0.52, 0, 100, 100),
(730, 'PB', 'Kripik telur', 529, 20.8, 31.7, 40.2, 124, 222, '5', 0, 0.86, 0, 100, 100),
(731, 'PB', 'Kripik tempe', 581, 12.1, 40.6, 41.7, 237, 116, '7', 0, 0.35, 0, 100, 100),
(732, 'PB', 'Kripik tempe goreng', 542, 40.3, 42.4, 11.5, 175, 0, '5', 0, 0.1, 0, 100, 100),
(733, 'PB', 'Noga kacang tanah', 180, 4.2, 12.5, 12.6, 0.01, 0, '1', 0, 0, 0, 100, 30),
(734, 'PB', 'Oncom hitam goreng', 71, 3, 3.6, 3.4, 28.9, 0, '17', 0, 0.27, 0, 100, 25),
(735, 'PB', 'Oncom hitam tepung', 92, 2.7, 5.4, 8.1, 2.1, 0, '12', 0, 0.28, 0, 100, 30),
(736, 'PB', 'Oncom merah bertepung', 96, 2.8, 5.6, 9.3, 10.2, 0, '3', 0, 0.11, 0, 100, 30),
(737, 'PB', 'Oncom merah goreng', 92, 1.7, 8, 3.3, 1, 0, '3', 0, 0.24, 0, 100, 25),
(738, 'PB', 'Oncom merah sayur (tumis)', 4, 0.2, 0.2, 0.3, 1.2, 0, '0', 1, 0.08, 0, 100, 10),
(739, 'PB', 'Pepes oncom', 132, 12.7, 3.8, 13.7, 133, 355, '34', 0, 0.08, 0, 100, 100),
(740, 'PB', 'Pepes oncom / ampas tahu', 76, 5.2, 1.8, 10.6, 215, 66, '13', 0, 0.11, 0, 100, 100),
(741, 'PB', 'Pepes taoco', 184, 11.4, 5.5, 22.2, 72, 463, '6', 0, 0.32, 0, 100, 100),
(742, 'PB', 'Rempeyek', 513, 17.5, 32.5, 44.3, 65, 202, '3', 0, 0.1, 0, 100, 100),
(743, 'PB', 'Rempeyek kacang tanah', 513, 17.5, 32.5, 44.3, 65, 202, '3', 0, 0.1, 0, 100, 100),
(744, 'PB', 'Rempeyek kacang tolo', 451, 11.2, 20.2, 59.7, 156, 221, '5', 0, 0.02, 0, 100, 100),
(745, 'PB', 'Rempeyek kacang uci', 497, 17, 27.6, 50.8, 166, 89, '7', 0, 0.05, 0, 100, 100),
(746, 'PB', 'Tahu goreng', 32, 1.4, 2.8, 0.3, 21.2, 0, '0', 0, 0.1, 0, 100, 25),
(747, 'PB', 'Tahu goreng (DKBM P3G \'90)', 115, 9.7, 8.5, 2.5, 229, 200, '4', 0, 0.01, 0, 100, 100),
(748, 'PB', 'Tahu goreng (Menu Pgln)', 143, 9.6, 0, 0, 124, 0, '0', 0, 0.6, 0, 100, 100),
(749, 'PB', 'Tauco', 158, 11.3, 5.4, 18.1, 235, 682, '8', 0, 0, 0, 100, 100),
(750, 'PB', 'Tauco cap beruang', 347, 7.4, 5.2, 67.6, 63, 106, '6', 0, 0.35, 0, 100, 100),
(751, 'PB', 'Tauco cap das', 358, 7.5, 4.3, 70.4, 94, 94, '5', 0, 0.29, 0, 100, 100),
(752, 'PB', 'Tauco cap meong', 159, 7.4, 4.9, 21.3, 183, 84, '10', 0, 0.46, 0, 100, 100),
(753, 'PB', 'Tauji cap singa', 277, 9.1, 4.7, 49.6, 68, 106, '3', 0, 0.15, 0, 100, 100),
(754, 'PB', 'Tempe goreng', 82, 4.6, 5.8, 3.2, 37.4, 0, '3', 0, 0.48, 0, 100, 25),
(755, 'PB', 'Tempe goreng (Menu Pgln)', 335, 23.3, 0, 0, 195, 0, '8', 140, 0.77, 0, 100, 100),
(756, 'PB', 'Tempe murni goreng', 350, 24.5, 26.6, 10.4, 202, 296, '5', 0, 0.24, 0, 100, 100),
(757, 'PB', 'Tempe pasar goreng', 336, 20, 28, 7.8, 156, 350, '3', 0, 0.1, 0, 100, 100),
(758, 'PB', 'Tempe sayur', 36, 0.9, 0.4, 7.4, 1.2, 0, '0', 0, 0.02, 0, 100, 15),
(759, 'PC', 'Abon sapi', 212, 18, 10.6, 59.3, 150, 209, '12', 0, 0.17, 0, 100, 100),
(760, 'PC', 'Abon sapi asli', 358, 14.6, 16.1, 38.6, 165, 136, '15', 9, 0.13, 0, 100, 100),
(761, 'PC', 'Ati ayam (buras)', 112, 18.3, 3.2, 2.6, 0, 0, '0', 0, 0, 0, 100, 100),
(762, 'PC', 'Ati ayam (ras)', 105, 16.6, 3.4, 2.1, 0, 0, '0', 0, 0, 0, 100, 100),
(763, 'PC', 'Ayam goreng (Menu Pgln)', 595, 30.5, 0, 0, 14, 0, '2', 810, 0.16, 0, 100, 100),
(764, 'PC', 'Ayam goreng buras mbok berek', 295, 39.2, 13.6, 1, 114, 278, '5', 26, 0.19, 0, 100, 100),
(765, 'PC', 'Ayam paha lengkap kalasan', 275, 37.4, 12.2, 1.3, 116, 237, '6', 34, 0.1, 0, 100, 100),
(766, 'PC', 'Ayam paha pasundan', 245, 33.1, 11.4, 0.3, 90, 283, '7', 27, 0.37, 0, 100, 100),
(767, 'PC', 'Ayam paha sukabumi', 283, 35.7, 14.3, 0.5, 68, 106, '5', 36, 0.36, 0, 100, 100),
(768, 'PC', 'Ayam pasundan', 246, 37.9, 9, 0.7, 90, 260, '8', 20, 0.16, 0, 100, 100),
(769, 'PC', 'Ayam ras dada church toxas', 338, 35.2, 20.6, 0.4, 79, 221, '6', 52, 0.52, 0, 100, 100),
(770, 'PC', 'Ayam ras dada kentucky', 298, 34.2, 16.8, 0.1, 90, 284, '6', 120, 0.19, 0, 100, 100),
(771, 'PC', 'Ayam ras dada pioner', 295, 37.4, 14.7, 0.6, 108, 236, '7', 52, 0.1, 0, 100, 100),
(772, 'PC', 'Ayam ras paha church', 287, 31, 15.7, 1.7, 99, 176, '4', 71, 0.66, 0, 100, 100),
(773, 'PC', 'Ayam ras paha kentucky', 286, 32.1, 16.7, 1.1, 89, 248, '7', 102, 0.5, 0, 100, 100),
(774, 'PC', 'Ayam sayap church', 295, 34, 16, 1.5, 81, 179, '3', 44, 0.44, 0, 100, 100),
(775, 'PC', 'Ayam sayap kentucky', 297, 35.9, 15.2, 1.6, 103, 227, '4', 72, 0.73, 0, 100, 100),
(776, 'PC', 'Ayam sukabumi', 244, 36.7, 9.2, 1, 81, 154, '6', 65, 0.66, 0, 100, 100),
(777, 'PC', 'Babi lawar', 174, 17, 10, 3, 61, 141, '3', 0, 0.1, 0, 100, 100),
(778, 'PC', 'Ceker ayam (buras)', 197, 20.6, 11.5, 2.7, 0, 0, '0', 0, 0, 0, 100, 100),
(779, 'PC', 'Ceker ayam (ras)', 245, 20.8, 17.1, 2.1, 0, 0, '0', 0, 0, 0, 100, 100),
(780, 'PC', 'Daging puyuh (goreng)', 187, 25.6, 8.2, 2.8, 0, 0, '0', 0, 0, 0, 100, 100),
(781, 'PC', 'Dendeng bekicot', 441, 48.7, 20.3, 15.8, 692, 523, '17', 91, 0.48, 0, 100, 100),
(782, 'PC', 'Paru goreng', 488, 39.4, 36.5, 0.4, 39, 497, '18', 0, 0, 0, 100, 100),
(783, 'PC', 'Penyu lawar', 141, 23, 1.5, 7.6, 69, 141, '6', 0, 0.1, 0, 100, 100),
(784, 'PC', 'Penyu sate', 179, 22.5, 3.5, 13.3, 187, 238, '14', 0, 0.1, 0, 100, 100),
(785, 'PC', 'Penyu serapah', 174, 13.1, 12.2, 2.2, 72, 186, '10', 438, 0.06, 0, 100, 100),
(786, 'PC', 'Pizza sapi', 294, 17.9, 17.5, 16.1, 269, 207, '1', 0, 0.07, 0, 100, 100),
(787, 'PC', 'Rawon', 60, 5.4, 2.5, 4, 272, 153, '3', 35, 0.09, 0, 100, 100),
(788, 'PC', 'Rempelo ayam', 108, 17.2, 4.1, 0.4, 0, 0, '0', 0, 0, 0, 100, 100),
(789, 'PC', 'Rempelo ayam (goreng)', 270, 32.3, 11.2, 9.9, 0, 0, '0', 0, 0, 0, 100, 100),
(790, 'PC', 'Rendang', 193, 22.6, 7.9, 7.8, 474, 211, '15', 69, 0.12, 0, 100, 100),
(791, 'PC', 'Rujak cingur', 153, 11.3, 8.4, 8, 256, 143, '4', 61, 0.16, 1.6, 100, 100),
(792, 'PC', 'Sapi rendang', 193, 22.6, 7.9, 7.8, 474, 211, '15', 69, 0.12, 0, 100, 100),
(793, 'PC', 'Sate ayam', 227, 41.3, 6.1, 1.8, 17, 405, '2', 5, 0.13, 0, 100, 100),
(794, 'PC', 'Sate daging kambing', 211, 41.7, 4.9, 0, 44, 412, '3', 5, 0.13, 0, 100, 100),
(795, 'PC', 'Sate daging lembu', 219, 38.9, 6.7, 0.8, 8, 391, '4', 7, 0.15, 0, 100, 100),
(796, 'PC', 'Sate kuah', 151, 14.9, 1.3, 20, 26, 162, '2', 22, 0.06, 0, 100, 100),
(797, 'PC', 'Sate kulit', 22, 3.1, 0.1, 2.3, 0.01, 0, '0', 0, 0, 0, 100, 20),
(798, 'PC', 'Sate perut lembu', 218, 22.6, 11.5, 6.1, 18, 321, '6', 24, 0.05, 0, 100, 100),
(799, 'PC', 'Sate usus', 19, 2.1, 1.1, 0.2, 2.1, 0, '0', 0, 0.11, 0, 100, 15),
(800, 'PC', 'Soto dengan daging', 102, 2.1, 7.5, 6.6, 8.6, 0, '1', 29, 0.1, 0, 100, 80),
(801, 'PC', 'Soto tanpa daging', 82, 0.3, 6, 6.7, 8.8, 0, '1', 28, 0.09, 0, 100, 70),
(802, 'PC', 'Sus isi ragout', 221, 7.5, 10.2, 24.8, 0, 0, '0', 0, 0, 0, 100, 100),
(803, 'PC', 'Usus ayam goreng', 473, 45.2, 26.3, 13.9, 1407, 458, '8', 20, 0.57, 0, 100, 100),
(804, 'PD', 'Telur ayam dadar', 251, 16.3, 19.4, 1.4, 62, 250, '3', 120, 0.21, 0, 100, 100),
(805, 'PD', 'Telur bebek dadar', 301, 20, 23.7, 0, 71, 600, '9', 404, 0.35, 0, 100, 100),
(806, 'PD', 'Telur ceplok (Menu Pgln)', 240, 11, 0, 0, 54, 0, '3', 900, 0.1, 0, 100, 100),
(807, 'PD', 'Telur dadar (Menu Pgln)', 259, 11.7, 0, 0, 54, 0, '3', 900, 0.1, 0, 100, 100),
(808, 'PD', 'Telur dadar+terigu (Menu Pgln)', 289, 10.7, 0, 0, 48.9, 0, '3', 600, 0.01, 0, 100, 100),
(809, 'PD', 'Telur puyuh', 168, 12.3, 12.7, 1.2, 0, 0, '0', 0, 0, 0, 100, 100),
(810, 'PD', 'Telur rebus (Menu Pgln)', 154, 12.2, 0, 0, 54, 0, '3', 900, 0.1, 0, 100, 100),
(811, 'PE', 'Bandeng presto', 296, 17.1, 20.3, 11.3, 1422, 659, '2', 19, 0.14, 0, 100, 100),
(812, 'PE', 'Belut dendeng goreng', 382, 55.7, 14.1, 8, 1069, 654, '15', 91, 0.48, 0, 100, 100),
(813, 'PE', 'Belut goreng', 417, 25.9, 19.4, 32, 840, 872, '5', 0, 0, 0, 100, 100),
(814, 'PE', 'Cumi-cumi goreng', 265, 40.6, 10.1, 0, 62, 270, '3', 0, 0.09, 0, 100, 100),
(815, 'PE', 'Dendeng mujahir goreng', 598, 74.3, 26.9, 9.2, 1957, 1447, '7', 60, 0.19, 0, 100, 100),
(816, 'PE', 'Empek kapal selam', 190, 13.2, 6.6, 19.4, 500, 155, '2', 5, 0.33, 0, 100, 100),
(817, 'PE', 'Empek kelesan', 211, 12.3, 6.1, 26.6, 840, 176, '2', 48, 0.25, 0, 100, 100),
(818, 'PE', 'Empek tangiri', 173, 7.2, 1.2, 33.4, 164, 80, '3', 0, 0.02, 0, 100, 100),
(819, 'PE', 'Empek-empek belida', 156, 4.2, 1.4, 31.6, 100, 55, '3', 0, 0.03, 0, 100, 100),
(820, 'PE', 'Gurame asam manis', 192, 12.7, 10.1, 12.7, 283, 169, '1', 63, 0.1, 0, 100, 100),
(821, 'PE', 'Ikan mas goreng (Menu Pgln)', 182, 18.1, 0, 0, 20, 0, '2', 150, 0.5, 0, 100, 100),
(822, 'PE', 'Ikan mas semur (Menu Pgln)', 225, 14.7, 0, 0, 35.5, 0, '2', 171, 0.05, 0.9, 100, 100),
(823, 'PE', 'Ikan tongkol (tuna)', 117, 23.2, 2.7, 0, 0, 0, '0', 0, 0, 0, 100, 100),
(824, 'PE', 'Ikan tongkol masak kuwah', 119, 15.7, 3.5, 6.1, 0, 0, '0', 0, 0, 0, 100, 100),
(825, 'PE', 'Kerupuk udang', 17, 0.7, 1.5, 2.6, 14.9, 0, '0', 0, 0.01, 0, 100, 5),
(826, 'PE', 'Lele dumbo/pecak', 372, 7.8, 36.3, 3.5, 289, 295, '5', 210, 0, 0, 100, 100),
(827, 'PE', 'Mujahir acar kuning', 330, 17.8, 23.4, 12.1, 154, 357, '5', 79, 0.15, 0, 100, 100),
(828, 'PE', 'Mujahir goreng', 416, 46.9, 23.9, 0, 346, 654, '1', 40, 0.12, 0, 100, 100),
(829, 'PE', 'Mujahir pepes', 121, 21.7, 2.8, 0.8, 83, 248, '0', 25, 0, 0, 100, 100),
(830, 'PE', 'Pecak lele', 372, 7.8, 36.3, 3.5, 289, 295, '5', 210, 0.12, 0, 100, 100),
(831, 'PE', 'Pepes ikan mas', 209, 15.2, 11.3, 11.8, 686, 530, '6', 10, 0.13, 0, 100, 100),
(832, 'PE', 'Petis', 345, 23.8, 1.4, 59.3, 221, 397, '4', 6, 1.02, 0, 100, 100),
(833, 'PE', 'Petis udang', 345, 23.8, 1.4, 59.3, 221, 397, '4', 6, 1.02, 0, 100, 100),
(834, 'PE', 'Tenggiri', 109, 21.5, 2.6, 0, 0, 0, '0', 0, 0, 0, 100, 100),
(835, 'PE', 'Teri blado', 365, 23.7, 22.3, 17.5, 869, 348, '4', 90, 0.13, 0, 100, 100),
(836, 'PE', 'Teripang dendeng goreng', 462, 39.1, 32.4, 3.5, 499, 616, '96', 6, 1.37, 0, 100, 100),
(837, 'PF', 'Acar timun', 10, 0.5, 0.2, 2, 20, 98, '1', 0, 3, 0, 100, 100),
(838, 'PF', 'Bayam kukus', 30, 1.3, 0.7, 5.8, 239, 35, '6', 0, 0.02, 32, 100, 100),
(839, 'PF', 'Bayam rebus', 23, 1.2, 0.6, 3.7, 150, 35, '1', 0, 0.02, 19, 100, 100),
(840, 'PF', 'Botok lamtoro', 186, 11.7, 9.7, 13, 771, 322, '26', 60, 0.27, 1.5, 100, 100),
(841, 'PF', 'Brongkos', 141, 15.3, 3.3, 12.6, 87, 97, '5', 13, 0.4, 0, 100, 100),
(842, 'PF', 'Buncis rebus', 30, 2.2, 0.2, 6.4, 107, 47, '1', 0, 0.01, 8, 100, 100),
(843, 'PF', 'Buntil daun talas', 141, 4.4, 10.2, 8, 149, 121, '15', 44, 0.25, 0.9, 100, 100),
(844, 'PF', 'Gado-gado', 203, 6.7, 8.7, 24.6, 21, 0, '2', 600, 0, 0, 100, 150),
(845, 'PF', 'Gado-gado (DKBM P3G \'90)', 137, 6.1, 3.2, 21, 301, 135, '8', 10, 0.1, 1, 100, 100),
(846, 'PF', 'Gudeg', 160, 3.3, 9.2, 16, 62, 55, '13', 0, 0.15, 0, 100, 100),
(847, 'PF', 'Gulai pakis', 143, 4, 11.4, 6, 548, 124, '2', 35, 0.35, 0.8, 100, 100),
(848, 'PF', 'Kac. panjang rebus (Menu Pgln)', 38, 2.4, 0, 0, 42.1, 0, '1', 288, 0, 18.1, 100, 100),
(849, 'PF', 'Keredok', 92, 2.2, 3.3, 14.1, 174, 85, '2', 0, 0.08, 3.8, 100, 100),
(850, 'PF', 'Ketoprak', 153, 7.9, 7.7, 13, 153, 134, '3', 10, 0.05, 0, 100, 100),
(851, 'PF', 'Kripik bayam', 586, 4.9, 40.6, 50.2, 236, 117, '4', 0, 0.16, 0, 100, 100),
(852, 'PF', 'Pecel', 243, 11.14, 12.53, 31.72, 267, 333, '4', 10978, 0.28, 212, 100, 100),
(853, 'PF', 'Sayur asem', 29, 0.7, 0.6, 5, 40, 61, '3', 47, 0.1, 0.3, 100, 100),
(854, 'PF', 'Sayur daging ayam (Menu Pgln)', 451, 27.2, 0, 0, 14, 0, '2', 810, 0.08, 0, 100, 100),
(855, 'PF', 'Sayur daging sapi (Menu Pgln)', 239, 21.7, 0, 0, 21.3, 0, '5', 58, 0.15, 0, 100, 100),
(856, 'PF', 'Sayur kacang merah (Menu Pgln)', 321, 17.4, 0, 0, 59.9, 0, '4', 0, 0.4, 0, 100, 100),
(857, 'PF', 'Sayur lodeh', 240, 9.08, 12.45, 30.65, 135, 184, '4', 1465, 0.14, 29, 100, 100),
(858, 'PF', 'Sayur lodeh (Menu Pgln)', 108, 1.9, 0, 0, 35.4, 0, '16', 401, 0.32, 10.6, 100, 100),
(859, 'PF', 'Sayur sop', 27, 1.3, 2, 1, 168, 57, '2', 67, 0.1, 0.2, 100, 100),
(860, 'PF', 'Sayur sosin (Menu Pgln)', 18, 1.9, 0, 0, 174.4, 0, '23', 5129, 0.08, 81, 100, 100),
(861, 'PF', 'Sayur soup (Menu Pgln)', 61, 1.4, 0, 0, 20.8, 0, '1', 2141, 0.08, 18.8, 100, 100),
(862, 'PF', 'Sayur tahu sosin (Menu Pgln)', 92, 4.3, 0, 0, 74.7, 0, '6', 1428, 0.03, 22.6, 100, 100),
(863, 'PF', 'Sayur tahu toge (Menu Pgln)', 114, 3.4, 0, 0, 47.9, 0, '0', 0, 0.02, 3.3, 100, 100),
(864, 'PF', 'Sayur telur wortel (Menu Pgln)', 140, 10.7, 0, 0, 52.7, 0, '3', 2380, 0.07, 0.7, 100, 100),
(865, 'PF', 'Sayur tempe (Menu Pgln)', 161, 9.3, 0, 0, 98.7, 0, '3', 55, 0.03, 1.5, 100, 100),
(866, 'PF', 'Semur jengkol', 77, 1.8, 2.4, 12.1, 0.02, 0, '1', 824, 0, 0, 100, 40),
(867, 'PF', 'Semur jengkol kacang kedele', 212, 6, 8.7, 29.1, 77, 99, '1', 0, 0.14, 4, 100, 100),
(868, 'PF', 'Semur telur (Menu Pgln)', 178, 5, 0, 0, 60.8, 0, '3', 800, 0.09, 0, 100, 100),
(869, 'PF', 'Soto bandung', 42, 3.9, 1.7, 2.8, 74, 75, '2', 21, 0.05, 0, 100, 100),
(870, 'PF', 'Soto banjar', 100, 4.7, 6.7, 5.1, 147, 81, '2', 41, 0.05, 0, 100, 100),
(871, 'PF', 'Soto betawi', 135, 2.5, 8.8, 11.5, 222, 72, '2', 21, 0.04, 0, 100, 100),
(872, 'PF', 'Soto kudus', 38, 2.6, 2.3, 1.8, 237, 67, '2', 75, 0.06, 0.5, 100, 100),
(873, 'PF', 'Soto madura', 60, 3.5, 4.5, 1.3, 361, 126, '4', 87, 0.06, 0, 100, 100),
(874, 'PF', 'Soto padang', 127, 5.9, 6.6, 11, 298, 94, '2', 41, 0.22, 0, 100, 100),
(875, 'PF', 'Soto pekalongan', 94, 3, 6.8, 5.1, 322, 79, '2', 45, 0.29, 0, 100, 100),
(876, 'PF', 'Soto pemalang', 75, 3.6, 5.2, 3.5, 170, 80, '2', 52, 0.13, 0, 100, 100),
(877, 'PF', 'Soto sukoraja', 80, 3.2, 3.5, 9, 347, 77, '2', 40, 0.04, 0, 100, 100),
(878, 'PF', 'Soto sulung', 86, 2.3, 8.5, 0, 200, 120, '3', 66, 0.08, 0, 100, 100),
(879, 'PF', 'Toge goreng', 88, 3.2, 2.1, 14, 168, 50, '6', 8, 0.05, 0, 100, 100),
(880, 'PF', 'Tumis Jagung sayur', 201, 3.7, 14.1, 27.1, 11.7, 0, '0', 166, 2.26, 0, 100, 135),
(881, 'PF', 'Tumis bayam (Menu Pgln)', 193, 2, 0, 0, 191.9, 0, '3', 4366, 0.06, 57.4, 100, 100),
(882, 'PF', 'Tumis bayam + santan', 48, 1.4, 4.2, 2.6, 129, 27, '1', 0, 0.01, 22, 100, 100),
(883, 'PF', 'Tumis kangkung (Menu Pgln)', 92, 2.5, 0, 0, 69.6, 0, '2', 5663, 0.2, 28.8, 100, 100),
(884, 'PF', 'Tumis ketang (Menu Pgln)', 120, 1.9, 0, 0, 10.5, 0, '1', 0, 0.1, 16.1, 100, 100),
(885, 'PF', 'Tumis labu siam (Menu Pgln)', 88, 0.7, 0, 0, 17.8, 0, '1', 20, 0.02, 18, 100, 100),
(886, 'PF', 'Tumis teri +buncis (Menu Pgln)', 158, 33.5, 0, 0, 1002.6, 0, '3', 452, 0.13, 7.6, 100, 100),
(887, 'PH', 'Cerelac', 418, 9, 15.5, 68.9, 443.33, 357, '8', 1036, 0.8, 35, 100, 100),
(888, 'PH', 'Enfamil', 525, 11.8, 29, 55, 350, 0, '9', 300, 0, 0, 100, 100),
(889, 'PH', 'Es krim (coconut milk)', 47, 0.9, 0.5, 9.8, 2, 0, '0', 0, 0, 0, 100, 30),
(890, 'PH', 'LLM', 481, 20, 21, 0, 5, 0, '5', 2000, 0, 0, 100, 100),
(891, 'PH', 'Lactogen', 464, 21.6, 19, 51.6, 770, 0, '8', 1390, 0, 0, 100, 100),
(892, 'PH', 'Morinaga', 515, 13, 27, 55.1, 360, 0, '6', 1800, 0, 0, 100, 100),
(893, 'PH', 'Promil', 460, 20, 18, 55, 172, 0, '1', 345, 0, 0, 100, 100),
(894, 'PH', 'Promina', 409, 12.57, 8.78, 71.92, 372.14, 269, '10', 1262, 0.32, 43, 100, 100),
(895, 'PH', 'S.G.M', 461, 20, 18, 54.7, 703, 0, '7', 2200, 0, 0, 100, 100),
(896, 'PH', 'Sustagen HP', 1540, 94, 14, 260, 3.2, 0, '13', 4404, 0, 0, 100, 100),
(897, 'PH', 'Susu full cream', 502, 27, 26, 40, 800, 600, '7', 1580, 0.6, 47, 100, 100),
(898, 'PJ', 'Anak mas rasa ayam', 400, 7, 22, 65, 200, 0, '5', 1400, 0.75, 30, 100, 100),
(899, 'PJ', 'Anak mas rasa keju', 440, 7, 22, 65, 200, 0, '5', 1400, 0.75, 30, 100, 100),
(900, 'PJ', 'Bakpau', 239, 12.2, 2.6, 41.6, 21, 65, '3', 92, 0.09, 0, 100, 100),
(901, 'PJ', 'Bakso', 190, 10.3, 6.3, 23.1, 35, 0, '7', 0, 0, 4, 100, 250),
(902, 'PJ', 'Berondong', 60, 0.6, 0.1, 14.3, 1.5, 0, '0', 0, 1.44, 0, 100, 15),
(903, 'PJ', 'Bika ambon', 158, 2.1, 0.2, 37, 0.01, 0, '3', 0, 0, 0, 100, 70),
(904, 'PJ', 'Biskuit mahal', 35, 0.8, 1.1, 5.4, 16.2, 0, '0', 2, 0.15, 0, 100, 10),
(905, 'PJ', 'Biskuit mahal (Menu Pgln)', 350, 8, 0, 0, 162, 0, '1', 20, 1.5, 0, 100, 100),
(906, 'PJ', 'Biskuit murah', 26, 0.5, 0.1, 8.6, 5.3, 0, '0', 0, 0.06, 0, 100, 10),
(907, 'PJ', 'Cake (bolu)', 435, 7.1, 19.8, 57.1, 15, 160, '1', 65, 0.06, 1, 100, 100),
(908, 'PJ', 'Cake coklat (bolu)', 373, 6.8, 18.6, 44.7, 10, 146, '2', 75, 0.45, 0, 100, 100),
(909, 'PJ', 'Castangel', 52, 2.05, 5.2, 8.45, 40, 28, '0', 202, 0, 0, 100, 100),
(910, 'PJ', 'Chiki snack rasa coklat', 484, 6, 20, 70, 200, 0, '5', 1200, 0, 30, 100, 100),
(911, 'PJ', 'Chiki snack rasa rendang', 510, 7, 25, 64, 200, 0, '5', 1200, 0, 20, 100, 100),
(912, 'PJ', 'Coklat (Menu Pgln)', 472, 2, 0, 0, 63, 0, '3', 30, 0.03, 0, 100, 100),
(913, 'PJ', 'Cucur', 145, 2.39, 1.28, 31.36, 10, 31, '1', 0, 0.02, 0, 100, 100),
(914, 'PJ', 'Dawet', 878, 11.25, 14.9, 175.37, 163, 230, '2', 0, 0, 2, 100, 100),
(915, 'PJ', 'Donat', 357, 9.4, 10.4, 56.5, 0, 0, '0', 0, 0, 0, 100, 100),
(916, 'PJ', 'Enting gepuk', 524, 13.3, 29.2, 52, 76, 248, '1', 0, 0.62, 0, 100, 100),
(917, 'PJ', 'Es mambo', 38, 0, 0, 9.4, 0.5, 0, '0', 0, 0, 0, 100, 25),
(918, 'PJ', 'Es pung-pung (es puter)', 48, 0.2, 1, 10.16, 2, 3, '0', 0, 0, 0, 100, 100),
(919, 'PJ', 'Es sirup', 56, 0, 0, 14.1, 0.8, 0, '0', 0, 0, 0, 100, 125),
(920, 'PJ', 'Geplak', 350, 1.4, 14.4, 53.6, 151, 43, '2', 0, 0.12, 0, 100, 100),
(921, 'PJ', 'Geplak jahe', 462, 3.1, 21.4, 57.7, 212, 161, '7', 0, 0.12, 0, 100, 100),
(922, 'PJ', 'Gurandil', 218, 0.5, 2.5, 48.5, 50, 25, '3', 0, 0.19, 0, 100, 100),
(923, 'PJ', 'Gurandil jahe', 425, 1.6, 8.8, 84.6, 155, 61, '4', 0, 0.2, 0, 100, 100),
(924, 'PJ', 'Japilus', 500, 1.2, 25.1, 67.3, 186, 29, '5', 0, 0.17, 0, 100, 100),
(925, 'PJ', 'Kelepon', 215, 3.7, 3.7, 41.8, 232, 45, '3', 0, 0.09, 0, 100, 100),
(926, 'PJ', 'Kolek pisang (Menu Pgln)', 198, 1.6, 0, 0, 35, 0, '1', 26, 0.02, 2.3, 100, 100),
(927, 'PJ', 'Kolek ubi (Menu Pgln)', 195, 1.9, 0, 0, 42.7, 0, '1', 4656, 0.05, 14.1, 100, 100),
(928, 'PJ', 'Koya', 366, 4.2, 4.3, 77.5, 153, 222, '7', 0, 0, 0, 100, 100),
(929, 'PJ', 'Koya mirasa', 370, 8, 1, 82.2, 83, 110, '17', 10, 0.19, 0, 100, 100),
(930, 'PJ', 'Kue ali', 440, 3.8, 18.5, 64.5, 27, 47, '3', 0, 0.13, 0, 100, 100),
(931, 'PJ', 'Kue bagea kualitas I', 416, 6.5, 9.4, 76.3, 49, 77, '5', 13, 0.08, 0, 100, 100),
(932, 'PJ', 'Kue bagea kualitas II', 382, 0.3, 3.5, 87.2, 172, 120, '7', 0, 0.02, 0, 100, 100),
(933, 'PJ', 'Kue bakpia', 272, 3.7, 6.7, 44.1, 194, 117, '5', 0, 0.31, 0, 100, 100),
(934, 'PJ', 'Kue bakwan', 280, 8.2, 10.2, 39, 79, 7, '0', 0, 0.08, 0, 100, 100),
(935, 'PJ', 'Kue bawang', 488, 8.8, 21.6, 64.6, 22, 85, '2', 5, 0.07, 0, 100, 100),
(936, 'PJ', 'Kue bika ambon kualitas I', 349, 2.1, 1.5, 44.4, 45, 28, '2', 0, 0.1, 0, 100, 100),
(937, 'PJ', 'Kue bika ambon kualitas II', 327, 0.2, 1.9, 78.9, 256, 103, '4', 0, 0.08, 0, 100, 100),
(938, 'PJ', 'Kue brem', 249, 3.4, 0.4, 58, 196, 86, '2', 0, 0.34, 0, 100, 100),
(939, 'PJ', 'Kue cake tape', 323, 4.9, 11.5, 50.1, 131, 83, '3', 86, 0.38, 0, 100, 100),
(940, 'PJ', 'Kue cucuru bayao', 323, 4.6, 10.5, 53.8, 69, 2, '2', 0, 0.03, 0, 100, 100),
(941, 'PJ', 'Kue dodol bali', 298, 3.7, 2.1, 65.9, 70, 76, '3', 0, 0.28, 0, 100, 100),
(942, 'PJ', 'Kue hello kity', 538, 13.6, 30.3, 52.6, 81, 248, '2', 0, 1, 0, 100, 100),
(943, 'PJ', 'Kue karo', 110, 2, 0.9, 23.4, 3, 23, '0', 0, 0, 0, 100, 100),
(944, 'PJ', 'Kue wijen', 565, 18.2, 38.4, 36.8, 251, 502, '11', 0, 0.92, 0, 100, 100),
(945, 'PJ', 'Lapis legit', 389, 6.6, 15.7, 55.5, 16, 136, '2', 137, 0.26, 0, 100, 100),
(946, 'PJ', 'Ledre pisang', 405, 4.8, 5.1, 84.9, 59, 124, '3', 12, 0.41, 0, 100, 100),
(947, 'PJ', 'Lempog durian', 320, 3.5, 5.7, 63.7, 190, 93, '3', 0, 0.05, 0, 100, 100),
(948, 'PJ', 'Lupis ketan', 164, 1.8, 2.1, 34.5, 119, 31, '2', 0, 0.09, 0, 100, 100),
(949, 'PJ', 'Mendoan', 92, 4.89, 1.04, 16.19, 26, 47, '2', 9, 0.05, 0, 100, 100),
(950, 'PJ', 'Mendut/mata kebo', 86, 3.11, 1.19, 16.35, 16, 54, '1', 15, 0, 0, 100, 100),
(951, 'PJ', 'Mpek-mpek', 182, 9.2, 3.8, 27.8, 401, 116, '2', 13, 0.16, 0, 100, 100),
(952, 'PJ', 'Nopia spesial', 387, 5.3, 7.6, 74.3, 903, 133, '4', 0, 0.17, 0, 100, 100),
(953, 'PJ', 'Peremen', 8, 0, 0, 1.9, 0.1, 0, '0', 0, 0, 0, 100, 2),
(954, 'PJ', 'Permen (Menu Pgln)', 400, 0, 0, 0, 5, 0, '0', 0, 0, 0, 100, 100),
(955, 'PJ', 'Pisang getuk', 144, 1.1, 0.4, 34.1, 48, 32, '1', 0, 0.55, 0, 100, 100),
(956, 'PJ', 'Pisang goreng', 132, 1.4, 3.8, 23.1, 7.2, 0, '0', 0, 0, 0, 100, 60),
(957, 'PJ', 'Pisang kripik lampung', 485, 1.7, 22.2, 69.7, 43, 65, '1', 0, 0.34, 0, 100, 100),
(958, 'PJ', 'Pudding (Menu Pgln)', 194, 1.9, 0, 0, 33.5, 0, '0', 0, 0, 189, 100, 100),
(959, 'PJ', 'Putu cangkir', 304, 5.3, 7, 54.9, 18, 193, '4', 0, 0.06, 0, 100, 100),
(960, 'PJ', 'Rujak', 228, 7.6, 15.5, 14.5, 29, 29, '3', 163, 0.1, 6, 100, 100),
(961, 'PJ', 'Sagon', 84, 0.98, 1.1, 18.1, 0, 18, '0', 0, 0, 0, 100, 100),
(962, 'PJ', 'Satru ponorogo', 380, 13.9, 2.1, 76.4, 116, 319, '5', 0, 0.41, 0, 100, 100),
(963, 'PJ', 'Sempril sagu', 477, 0.7, 18.4, 77.3, 98, 25, '2', 137, 0.09, 0, 100, 100),
(964, 'PJ', 'Suwir-suwir', 317, 0.5, 0.9, 84.2, 42, 40, '4', 4, 0.13, 0, 100, 100),
(965, 'PJ', 'Taro', 523, 5.8, 28.2, 61.3, 0, 0, '0', 0, 0, 0, 100, 100),
(966, 'PJ', 'Wafer', 53, 2.7, 28.7, 66.7, 182, 0, '3', 0, 0, 0, 100, 100),
(967, 'PJ', 'Wajit camilan', 303, 6.3, 2.7, 63.3, 61, 302, '6', 0, 0.03, 0, 100, 100),
(968, 'PJ', 'Wedang jahe', 59, 0.14, 0.09, 15.07, 2, 3, '0', 2, 0, 0, 100, 100),
(969, 'PJ', 'Wedang jeruk', 60, 0.12, 0.03, 15.75, 3, 2, '0', 28, 0, 7, 100, 100),
(970, 'PJ', 'Widaran', 424, 1.3, 10.7, 80.7, 49, 88, '3', 69, 0.13, 0, 100, 100),
(971, 'PJ', 'Wingko babat', 355, 3.2, 15.1, 51.4, 47, 63, '1', 0, 0.08, 0, 100, 100),
(972, 'PJ', 'Yangko', 254, 3, 1.1, 58.1, 184, 24, '3', 0, 0.15, 0, 100, 100);

-- --------------------------------------------------------

--
-- Table structure for table `gizi`
--

CREATE TABLE `gizi` (
  `id` int(11) NOT NULL,
  `id_user` int(11) NOT NULL,
  `tgl` date NOT NULL,
  `id_kelompok` int(11) NOT NULL,
  `jeniskelamin` varchar(128) NOT NULL,
  `umur` int(11) NOT NULL,
  `tinggibadan` int(11) NOT NULL,
  `beratbadan` int(11) NOT NULL,
  `bahanmakanan` varchar(128) NOT NULL,
  `urt` varchar(128) NOT NULL,
  `berat` int(11) NOT NULL,
  `energi` double NOT NULL,
  `protein` double NOT NULL,
  `lemak` double NOT NULL,
  `karbohidrat` double NOT NULL,
  `kelompok` int(11) NOT NULL
) ENGINE=InnoDB DEFAULT CHARSET=utf8mb4;

--
-- Dumping data for table `gizi`
--

INSERT INTO `gizi` (`id`, `id_user`, `tgl`, `id_kelompok`, `jeniskelamin`, `umur`, `tinggibadan`, `beratbadan`, `bahanmakanan`, `urt`, `berat`, `energi`, `protein`, `lemak`, `karbohidrat`, `kelompok`) VALUES
(63, 4, '2020-08-24', 2, 'perempuan', 5, 158, 40, 'Nasi (Menu Pgln)', '1 piring', 200, 352, 6.6, 0, 0, 0),
(64, 4, '2020-08-24', 2, 'perempuan', 5, 158, 40, 'Ayam goreng (Menu Pgln)', '1 potong', 100, 595, 30.5, 0, 0, 0),
(65, 4, '2020-08-24', 2, 'perempuan', 5, 158, 40, 'Tempe goreng', '1 potong', 20, 16.4, 0.92, 1.16, 0.64, 0),
(66, 4, '2020-08-24', 2, 'perempuan', 5, 158, 40, 'Tahu goreng', '1 potomg', 20, 6.4, 0.28, 0.56, 0.06, 0),
(73, 4, '2020-08-25', 2, 'perempuan', 5, 158, 40, 'Nasi goreng', '1 piring', 400, 552, 6.4, 6.4, 60.4, 0),
(74, 4, '2020-08-25', 2, 'perempuan', 5, 158, 40, 'Kerupuk udang', '4 biji', 50, 8.5, 0.35, 0.75, 1.3, 0),
(75, 4, '2020-08-25', 2, 'perempuan', 5, 158, 40, 'Tempe goreng', '5 biji', 100, 82, 4.6, 5.8, 3.2, 0),
(76, 4, '2020-08-25', 2, 'perempuan', 5, 158, 40, 'Kangkung', '1 mangkuk', 300, 124.28571428571429, 12.857142857142858, 1.2857142857142858, 23.142857142857142, 0),
(77, 4, '2020-08-25', 2, 'perempuan', 5, 158, 40, 'Nasi tim (Menu Pgln)', '1 piring', 300, 360, 6.9, 0, 0, 0),
(78, 4, '2020-08-25', 2, 'perempuan', 5, 158, 40, 'Ikan mas', '1 potong', 200, 215, 40, 5, 0, 0),
(79, 4, '2020-08-25', 2, 'perempuan', 5, 158, 40, 'Kerupuk kulit kerbau', '10 biji', 50, 211, 41.5, 2, 0, 0),
(80, 4, '2020-08-25', 2, 'perempuan', 5, 158, 40, 'Kentang', '2 piring', 400, 390.5882352941176, 9.411764705882353, 0.47058823529411764, 89.88235294117648, 0),
(81, 4, '2020-08-25', 2, 'perempuan', 5, 158, 40, 'Mendoan', '12', 400, 368, 19.56, 4.16, 64.76, 0),
(82, 5, '2020-08-25', 3, 'laki-laki', 22, 175, 75, 'Tempe goreng (Menu Pgln)', '12', 300, 1005, 69.9, 0, 0, 0),
(83, 5, '2020-08-25', 3, 'laki-laki', 22, 175, 75, 'Telur dadar (Menu Pgln)', '1 piring', 300, 777, 35.1, 0, 0, 0),
(84, 5, '2020-08-25', 3, 'laki-laki', 22, 175, 75, 'Nasi uduk', '1 piring', 500, 760, 13, 13, 35, 0),
(85, 5, '2020-08-25', 3, 'laki-laki', 22, 175, 75, 'Kerupuk aci', '10', 10, 35, 0.05, 0.02, 8.59, 0),
(88, 5, '2020-08-26', 3, 'laki-laki', 22, 175, 75, 'Nasi (Menu Pgln)', '1 piring', 1000, 1760, 33, 0, 0, 0),
(89, 5, '2020-08-26', 3, 'laki-laki', 22, 175, 75, 'Ayam goreng (Menu Pgln)', '1 potong', 111, 660.45, 33.855, 0, 0, 0),
(90, 5, '2020-08-26', 3, 'laki-laki', 22, 175, 75, 'Kentang', '1 potong', 1000, 976.4705882352941, 23.529411764705884, 1.1764705882352942, 224.7058823529412, 0),
(92, 5, '2020-08-26', 3, 'laki-laki', 22, 175, 75, 'Sapi rendang', '1 piring', 1002, 1933.86, 226.452, 79.158, 78.15599999999999, 0),
(93, 6, '2020-08-26', 3, 'perempuan', 17, 170, 80, 'Nasi uduk', '1piring', 1000, 1520, 26, 26, 70, 0),
(94, 6, '2020-08-26', 3, 'perempuan', 17, 170, 80, 'Ayam goreng (Menu Pgln)', '1 potong', 1000, 5950, 305, 0, 0, 0),
(96, 6, '2020-08-26', 3, 'perempuan', 17, 170, 80, 'Ikan mas', '1 piring', 2000, 2150, 400, 50, 0, 0),
(97, 5, '2020-08-26', 3, 'laki-laki', 22, 175, 75, 'Ayam goreng (Menu Pgln)', '1 piring', 100, 595, 30.5, 0, 0, 0),
(98, 5, '2020-08-26', 3, 'laki-laki', 22, 175, 75, 'Nanas', 'gelas', 10000, 9811.32075471698, 75.47169811320755, 37.735849056603776, 2584.9056603773583, 0),
(99, 5, '2020-08-26', 3, 'laki-laki', 22, 175, 75, 'Arrowroot', 'asds', 12, 12.24, 0.12, 0.024000000000000004, 2.8920000000000003, 0),
(102, 5, '2020-08-27', 3, 'laki-laki', 22, 175, 75, 'Nasi (Menu Pgln)', '1 piring', 1000, 1760, 33, 0, 0, 0),
(103, 5, '2020-08-27', 3, 'laki-laki', 22, 175, 75, 'Ayam paha pasundan', '1 potong', 700, 1715, 231.7, 79.8, 2.1, 0),
(104, 5, '2020-08-27', 3, 'laki-laki', 22, 175, 75, 'Kentang', '1 piring', 1000, 976.4705882352941, 23.529411764705884, 1.1764705882352942, 224.7058823529412, 0),
(105, 5, '2020-08-27', 3, 'laki-laki', 22, 175, 75, 'Bihun', '1 piring', 900, 3240, 42.3, 0.9, 738.9, 0),
(106, 5, '2020-08-27', 3, 'laki-laki', 22, 175, 75, 'Tahu goreng', '5 potong', 400, 128, 5.6, 11.2, 1.2, 0),
(107, 5, '2020-08-27', 3, 'laki-laki', 22, 175, 75, 'Tempe goreng (Menu Pgln)', '5 potong', 400, 1340, 93.2, 0, 0, 0),
(108, 5, '2020-08-27', 3, 'laki-laki', 22, 175, 75, 'Cabe rawit ( segar )', '1 potong', 100, 121.17647058823529, 5.529411764705882, 2.823529411764706, 23.41176470588235, 0),
(109, 11, '2020-08-27', 3, 'perempuan', 22, 150, 44, 'Nasi goreng', '1 piring', 300, 414, 4.8, 4.8, 45.3, 0),
(110, 11, '2020-08-27', 3, 'perempuan', 22, 150, 44, 'Nasi goreng', '1 piring', 200, 276, 3.2, 3.2, 30.2, 0),
(111, 11, '2020-08-27', 3, 'perempuan', 22, 150, 44, 'Telur ayam', '1 buanh', 20, 36, 2.8444444444444446, 2.5555555555555554, 0.15555555555555556, 0),
(112, 11, '2020-08-27', 3, 'perempuan', 22, 150, 44, 'Ayam goreng (Menu Pgln)', '1 potong', 250, 1487.5, 76.25, 0, 0, 0),
(113, 5, '2020-08-28', 3, 'laki-laki', 22, 175, 75, 'Ampas tahu', '1 piring', 123, 509.22, 32.718, 22.509, 50.799, 0);

-- --------------------------------------------------------

--
-- Table structure for table `kelompok`
--

CREATE TABLE `kelompok` (
  `id` int(11) NOT NULL,
  `kelompok` varchar(128) NOT NULL
) ENGINE=InnoDB DEFAULT CHARSET=utf8mb4;

--
-- Dumping data for table `kelompok`
--

INSERT INTO `kelompok` (`id`, `kelompok`) VALUES
(1, 'Bayi'),
(2, 'anak'),
(3, 'dewasa');

-- --------------------------------------------------------

--
-- Table structure for table `user`
--

CREATE TABLE `user` (
  `id` int(11) NOT NULL,
  `nama` varchar(128) NOT NULL,
  `alamat` varchar(128) NOT NULL,
  `jeniskelamin` varchar(20) NOT NULL,
  `tanggallahir` date NOT NULL,
  `bb` int(11) NOT NULL,
  `tb` int(11) NOT NULL,
  `email` varchar(128) NOT NULL,
  `password` varchar(128) NOT NULL,
  `role_id` int(11) NOT NULL,
  `is_active` int(1) NOT NULL,
  `date_created` int(11) NOT NULL
) ENGINE=InnoDB DEFAULT CHARSET=utf8mb4;

--
-- Dumping data for table `user`
--

INSERT INTO `user` (`id`, `nama`, `alamat`, `jeniskelamin`, `tanggallahir`, `bb`, `tb`, `email`, `password`, `role_id`, `is_active`, `date_created`) VALUES
(1, 'Admin', 'Cimahi', 'laki-laki', '2020-02-11', 72, 174, 'llanura.co@gmail.com', '$2y$10$TECnZxFyalLCi8jm2q.v1uBTHPuojYFdiQTGBIUzw06H4HrALc6IK', 1, 1, 1596216934),
(4, 'Putri Ningtias', 'Majalengka', 'perempuan', '2015-05-05', 50, 170, 'slempakbolong955@gmail.com', '$2y$10$WkMKdPmenx7m/9Ymlh1bUu3i.p3JYHpEr5tCWAbfWZax1OgK6HiVa', 2, 1, 1596218527),
(5, 'Muhammad Andre Janah', 'Jakarta', 'laki-laki', '1998-08-01', 75, 175, 'muhammadandrejanah98@gmail.com', '$2y$10$FtJHeYgXFyS9/uHk6p4aqOK0a09AgpcpfbvGQjQpeN3YJcnGgFwQu', 2, 1, 1596300537),
(6, 'hasrul jakaria', 'Jl. Jakarta', 'perempuan', '2003-03-03', 80, 170, 'hasrul@gmail.com', '$2y$10$kw80ILQbUX7MI/I1TfSCd.YTrty4kL1el1l49ghnGBM0ORZ7JPblW', 2, 1, 1597825501),
(9, 'Nandar Mandala  Gelo', 'Jl. Limbangan', 'laki-laki', '1994-04-04', 68, 168, 'n@gmail.com', '$2y$10$SzIc3QgJcNNyexc6wzy9l.qUf/v4JI5yRehEO.7kzklOoxsJmusWe', 2, 1, 1598424353);

-- --------------------------------------------------------

--
-- Table structure for table `user_role`
--

CREATE TABLE `user_role` (
  `id` int(11) NOT NULL,
  `role` varchar(128) NOT NULL
) ENGINE=InnoDB DEFAULT CHARSET=utf8mb4;

--
-- Dumping data for table `user_role`
--

INSERT INTO `user_role` (`id`, `role`) VALUES
(1, 'admin'),
(2, 'member');

--
-- Indexes for dumped tables
--

--
-- Indexes for table `akg`
--
ALTER TABLE `akg`
  ADD PRIMARY KEY (`id`);

--
-- Indexes for table `dkbm`
--
ALTER TABLE `dkbm`
  ADD PRIMARY KEY (`id`);

--
-- Indexes for table `gizi`
--
ALTER TABLE `gizi`
  ADD PRIMARY KEY (`id`);

--
-- Indexes for table `kelompok`
--
ALTER TABLE `kelompok`
  ADD PRIMARY KEY (`id`);

--
-- Indexes for table `user`
--
ALTER TABLE `user`
  ADD PRIMARY KEY (`id`);

--
-- Indexes for table `user_role`
--
ALTER TABLE `user_role`
  ADD PRIMARY KEY (`id`);

--
-- AUTO_INCREMENT for dumped tables
--

--
-- AUTO_INCREMENT for table `akg`
--
ALTER TABLE `akg`
  MODIFY `id` int(11) NOT NULL AUTO_INCREMENT, AUTO_INCREMENT=463;

--
-- AUTO_INCREMENT for table `dkbm`
--
ALTER TABLE `dkbm`
  MODIFY `id` int(11) NOT NULL AUTO_INCREMENT, AUTO_INCREMENT=973;

--
-- AUTO_INCREMENT for table `gizi`
--
ALTER TABLE `gizi`
  MODIFY `id` int(11) NOT NULL AUTO_INCREMENT, AUTO_INCREMENT=114;

--
-- AUTO_INCREMENT for table `kelompok`
--
ALTER TABLE `kelompok`
  MODIFY `id` int(11) NOT NULL AUTO_INCREMENT, AUTO_INCREMENT=5;

--
-- AUTO_INCREMENT for table `user`
--
ALTER TABLE `user`
  MODIFY `id` int(11) NOT NULL AUTO_INCREMENT, AUTO_INCREMENT=13;

--
-- AUTO_INCREMENT for table `user_role`
--
ALTER TABLE `user_role`
  MODIFY `id` int(11) NOT NULL AUTO_INCREMENT, AUTO_INCREMENT=3;
COMMIT;

/*!40101 SET CHARACTER_SET_CLIENT=@OLD_CHARACTER_SET_CLIENT */;
/*!40101 SET CHARACTER_SET_RESULTS=@OLD_CHARACTER_SET_RESULTS */;
/*!40101 SET COLLATION_CONNECTION=@OLD_COLLATION_CONNECTION */;
